Ticker,Price,Number of Shares to Buy,One-Year Price Return,One-Year Return Percentile,Six-Month Price Return,Six-Month Return Percentile,Three-Month Price Return,Three-Month Return Percentile,One-Month Price Return,One-Month Return Percentile,HQM Score
A,148.52999877929688,N/A,0.25605613531254034,0.5794183445190156,0.18555960090717752,0.6711409395973155,0.3322801808161225,0.9082774049217002,0.1298493168540896,0.8210290827740492,0.7449664429530201
AAL,14.829999923706055,N/A,0.12604402716748012,0.32885906040268453,0.06844378972855666,0.29977628635346754,0.20471156930860784,0.7472035794183445,0.01001332597556811,0.07829977628635347,0.3635346756152125
AAP,56.54999923706055,N/A,0.01487961372770591,0.040268456375838924,0.030406690764389222,0.12751677852348992,0.20432945442267794,0.7449664429530201,0.06376974039463747,0.5615212527964206,0.3685682326621924
AAPL,305.92999267578125,N/A,0.32587804893694283,0.6644295302013422,0.1982013677574953,0.7046979865771812,0.019864163443363114,0.10961968680089486,0.0825377190715328,0.6532438478747202,0.5329977628635346
ABBV,249.4600067138672,N/A,0.24437062834866893,0.5570469798657718,0.09425450841041176,0.40268456375838924,0.19414242004646814,0.7337807606263982,0.01976501501325948,0.17225950782997765,0.4664429530201342
ABT,111.25,N/A,0.13608041611014368,0.36465324384787473,0.0005891647214258198,0.0044742729306487695,0.326429093502419,0.9060402684563758,0.10498609120763812,0.7449664429530201,0.5050335570469798
ACN,176.88999938964844,N/A,0.2691182547199134,0.5950782997762863,0.194866455972472,0.6957494407158836,0.06040136896646508,0.2930648769574944,0.23208184415693733,0.9552572706935123,0.6347874720357942
ADBE,264.0199890136719,N/A,0.25596735388908837,0.5771812080536912,0.00018936921899301588,0.0022371364653243847,0.06631656908478205,0.32885906040268453,0.11283451639060854,0.7829977628635346,0.42281879194630867
ADI,389.3900146484375,N/A,0.703652639723667,0.9328859060402683,0.1619079811618304,0.6241610738255033,0.06475223124512064,0.32438478747203575,0.03737753048912356,0.3668903803131991,0.5620805369127516
ADM,80.44999694824219,N/A,0.38885664534773334,0.7539149888143176,0.17379922521789842,0.6532438478747202,0.007219105556088337,0.03803131991051454,0.06344591945082571,0.5525727069351231,0.49944071588366884
ADP,272.9599914550781,N/A,0.07039495222762784,0.19910514541387023,0.307356351777819,0.8612975391498882,0.2823150090954896,0.8836689038031319,0.06929912205327456,0.5861297539149888,0.6325503355704698
ADSK,251.66000366210938,N/A,0.12231020814173149,0.319910514541387,0.088400667474679,0.3870246085011185,0.06356186651712684,0.31543624161073824,0.15255322476520614,0.8791946308724832,0.47539149888143173
AEE,109.73999786376953,N/A,0.12238265181750906,0.3221476510067114,0.0026515770955154684,0.006711409395973153,0.03905169881123919,0.19463087248322147,0.01622595372900583,0.1342281879194631,0.16442953020134227
AEP,125.5999984741211,N/A,0.1563209414734249,0.41387024608501116,0.018967652463765732,0.06935123042505592,0.011236436112495076,0.05592841163310962,0.04225630296051204,0.40268456375838924,0.23545861297539147
AES,14.729999542236328,N/A,0.16177846189210096,0.4250559284116331,0.07306691497668402,0.32438478747203575,0.030177679444927483,0.14988814317673377,0.00925325438010527,0.07158836689038031,0.24272930648769572
AFL,121.44999694824219,N/A,0.17708126446054273,0.44966442953020136,0.06803154225672647,0.29082774049217003,0.045106546915116924,0.22595078299776286,0.026218763954903867,0.261744966442953,0.3070469798657718
AIG,76.63999938964844,N/A,0.019253194513871533,0.06711409395973154,0.008504252916073098,0.029082774049217,0.013655250829613703,0.06711409395973154,0.0479503181410132,0.45861297539149887,0.15548098434004473
AIV,2.640000104904175,N/A,0.10385702906853748,0.28187919463087246,0.1313452974777707,0.5078299776286354,0.09506492050307137,0.4451901565995526,0.032967001296892263,0.3310961968680089,0.3914988814317673
AIZ,282.3800048828125,N/A,0.3490130169229694,0.6957494407158836,0.30816669326913304,0.8635346756152126,0.11287424913839102,0.5055928411633109,0.020011590153903,0.174496644295302,0.5598434004474273
AJG,251.2100067138672,N/A,0.13214603846068287,0.348993288590604,0.21284144664316515,0.7315436241610738,0.26054607613060804,0.8523489932885906,0.010594672104300647,0.08501118568232663,0.5044742729306487
AKAM,124.98999786376953,N/A,0.6795216465878193,0.9172259507829977,0.11837862808388538,0.4787472035794183,0.17159336016161694,0.6621923937360178,0.03993672788802317,0.38478747203579416,0.6107382550335569
ALB,136.14999389648438,N/A,0.6789556774454553,0.9149888143176733,0.17742303050238198,0.6554809843400448,0.2432778313201514,0.825503355704698,0.12725612909860454,0.8098434004474272,0.8014541387024608
ALGN,181.30999755859375,N/A,0.27297624715404234,0.6040268456375838,0.02923385227267064,0.12080536912751677,0.15300475394972177,0.6174496644295302,0.025741135964913415,0.25503355704697983,0.39932885906040266
ALK,45.959999084472656,N/A,0.1987447943614838,0.48769574944071586,0.16844583492279053,0.639821029082774,0.24417977241725933,0.8277404921700223,0.009887953846100974,0.07382550335570469,0.5072706935123042
ALL,261.4100036621094,N/A,0.28963892853720413,0.6286353467561522,0.27279084154599986,0.8098434004474272,0.20893927255326705,0.7628635346756151,0.04605846357240317,0.4451901565995526,0.6616331096196868
ALLE,164.77999877929688,N/A,0.006486848420598828,0.017897091722595078,0.07473216853840453,0.3310961968680089,0.3168266359623171,0.901565995525727,0.20067030154341245,0.9440715883668903,0.5486577181208053
AMAT,507.17999267578125,N/A,2.158386009449156,0.988814317673378,0.4325993340277117,0.930648769574944,0.16304911332876118,0.6487695749440715,0.04244228676614716,0.4049217002237136,0.7432885906040267
AMCR,46.029998779296875,N/A,0.08616037761494733,0.2348993288590604,0.05348562609048503,0.2147651006711409,0.2754640388335927,0.8724832214765101,0.04756486613355244,0.4541387024608501,0.44407158836689037
AMD,514.3900146484375,N/A,1.8978087463611986,0.9865771812080537,1.4811402492573007,0.9977628635346756,0.21289791852274487,0.7762863534675616,0.03757867620589245,0.3691275167785235,0.7824384787472036
AME,254.7899932861328,N/A,0.4137289186300054,0.7874720357941833,0.11236560597480132,0.46308724832214765,0.11966651233010546,0.5257270693512305,0.07506326281068697,0.6152125279642058,0.5978747203579418
AMGN,415.2099914550781,N/A,0.44260922073384795,0.8098434004474272,0.1331439929614087,0.5167785234899328,0.2724403008232105,0.8635346756152126,0.13355532984503096,0.8299776286353467,0.7550335570469798
AMP,569.5399780273438,N/A,0.1435640336779545,0.38926174496644295,0.2067895095552851,0.7136465324384786,0.21080822338363497,0.7695749440715883,0.07893985885844011,0.6308724832214765,0.6258389261744965
AMT,175.5800018310547,N/A,0.11525998228338026,0.2975391498881432,0.06805263212030782,0.2930648769574944,0.038832685696085306,0.19239373601789708,0.0324591576602783,0.32438478747203575,0.2768456375838926
AMZN,262.6499938964844,N/A,0.13686532175154492,0.3668903803131991,0.32124353723596766,0.8724832214765101,0.005641026233515957,0.026845637583892613,0.0623710651434828,0.5436241610738255,0.4524608501118568
ANET,198.82000732421875,N/A,0.4480699410419519,0.814317673378076,0.4041952995729608,0.912751677852349,0.4004367515299094,0.9574944071588366,0.17917090685315193,0.9149888143176733,0.8998881431767337
AON,355.8299865722656,N/A,0.027904775355324114,0.10067114093959731,0.10901050340840025,0.4451901565995526,0.12171359057747412,0.5324384787472036,0.03099045545498086,0.31543624161073824,0.3484340044742729
AOS,62.16999816894531,N/A,0.11984329719635052,0.3064876957494407,0.21821934768353446,0.7404921700223713,0.11670185960842681,0.5167785234899328,0.0628117313604512,0.5458612975391499,0.5274049217002237
APA,40.470001220703125,N/A,1.044994052844818,0.9642058165548099,0.4694711224644915,0.9418344519015659,0.045532078783036015,0.23042505592841164,0.1571505498963099,0.8836689038031319,0.7550335570469798
APD,308.9700012207031,N/A,0.09207486186629572,0.24608501118568232,0.11831903686301158,0.47651006711409394,0.052506342225808085,0.2662192393736018,0.04515934755436118,0.4295302013422818,0.35458612975391496
APH,167.11000061035156,N/A,0.5406014097312164,0.8724832214765101,0.1429450306871652,0.5548098434004474,0.33889693085635164,0.9172259507829977,0.10522489406898325,0.7516778523489933,0.7740492170022372
APTV,49.560001373291016,N/A,0.33189537382850276,0.6868008948545861,0.4183098222010732,0.9217002237136466,0.08796464420085638,0.4093959731543624,0.1376370224360217,0.8411633109619686,0.7147651006711409
ARE,48.13999938964844,N/A,0.3287875285526714,0.6756152125279642,0.05615786551690894,0.22818791946308725,0.08453832224841504,0.3959731543624161,0.04141779730178918,0.3959731543624161,0.4239373601789709
ATO,169.9199981689453,N/A,0.05046653171569511,0.15436241610738255,0.041391743086017535,0.18791946308724833,0.03172576529159367,0.15883668903803133,0.04367399159564276,0.4183445190156599,0.2298657718120805
AVB,184.05999755859375,N/A,0.004146679904831061,0.006711409395973153,0.06615683467658896,0.28187919463087246,0.027298111628313387,0.14093959731543623,0.04399315054487977,0.42281879194630867,0.21308724832214762
AVGO,392.989990234375,N/A,0.2922553065774436,0.6331096196868009,0.21301981600713787,0.7337807606263982,0.07426805869764158,0.36465324384787473,0.05975785255918331,0.523489932885906,0.5637583892617449
AVY,178.92999267578125,N/A,0.04690493461506699,0.14317673378076062,0.0757457219266089,0.3400447427293065,0.15278589495338712,0.6152125279642058,0.11545407761901637,0.7897091722595079,0.4720357941834452
AWK,136.1999969482422,N/A,0.027823240767455203,0.09843400447427292,0.034357434919575436,0.14988814317673377,0.10311317936180488,0.47203579418344516,0.014772633480755365,0.12080536912751677,0.21029082774049215
AXP,342.4800109863281,N/A,0.13314994072421568,0.35570469798657717,0.02075011371850366,0.07606263982102908,0.09550050951423511,0.44742729306487694,0.036217799060451944,0.3624161073825503,0.31040268456375836
AZO,3025.0,N/A,0.24505415236362624,0.5615212527964206,0.21594748042826994,0.7360178970917225,0.08917089292920977,0.4183445190156599,0.0070377036208214986,0.058165548098434,0.44351230425055926
BA,231.6699981689453,N/A,0.01525969744841727,0.04697986577181208,0.04646858838054801,0.20134228187919462,0.05070521292235111,0.2595078299776286,0.08241835018575329,0.6510067114093959,0.2897091722595078
BAC,64.48999786376953,N/A,0.40380945911911664,0.7718120805369127,0.24056211944385086,0.7651006711409396,0.30249288318343376,0.8881431767337807,0.05255422526437807,0.4854586129753915,0.7276286353467561
BAX,26.729999542236328,N/A,0.11493039948001486,0.29530201342281875,0.35204811263715036,0.8903803131991052,0.5458898435492038,0.982102908277405,0.1822202043638381,0.919463087248322,0.7718120805369127
BBY,86.41999816894531,N/A,0.27377547215386366,0.6062639821029082,0.3511149800286284,0.8881431767337807,0.5559707194737588,0.9843400447427293,0.011825248372913998,0.09395973154362416,0.6431767337807606
BDX,183.39999389648438,N/A,0.21980522577855902,0.5190156599552572,0.056753973212456635,0.24161073825503354,0.28732779250412543,0.8859060402684564,0.15951189239181932,0.8859060402684564,0.6331096196868009
BEN,33.86000061035156,N/A,0.40797967071991204,0.7785234899328859,0.28374600266433603,0.8366890380313198,0.07445288060436277,0.3668903803131991,0.03769535709388118,0.3713646532438479,0.5883668903803132
BIIB,209.8300018310547,N/A,0.5139249104674628,0.8568232662192393,0.06772846157758265,0.2885906040268456,0.08748383078409933,0.4049217002237136,0.018641663359818,0.15436241610738255,0.4261744966442953
BIO,356.260009765625,N/A,0.2471469761199901,0.5682326621923938,0.388603107092958,0.9038031319910514,0.43925993424043186,0.9597315436241611,0.17052183897996123,0.8948545861297539,0.8316554809843401
BKNG,212.05999755859375,N/A,0.01979314009999157,0.07382550335570469,0.2865170120320608,0.843400447427293,0.37931033113815826,0.9395973154362416,0.16721711860164715,0.8926174496644295,0.6873601789709172
BKR,64.81999969482422,N/A,0.5381672859283575,0.8702460850111856,0.07062512475376882,0.3131991051454139,0.014635937700128351,0.07606263982102908,0.1627963981600742,0.8903803131991052,0.5374720357941835
BLK,1173.72998046875,N/A,0.05578226930255117,0.1610738255033557,0.10770331759309212,0.43847874720357943,0.09099185874558804,0.42729306487695745,0.09469318589868095,0.7114093959731543,0.43456375838926176
BMY,63.83000183105469,N/A,0.38096104276817927,0.7404921700223713,0.0736929427139246,0.3266219239373601,0.13246548202795466,0.5592841163310962,0.05087257272308143,0.47651006711409394,0.5257270693512304
BR,171.00999450683594,N/A,0.3302843502546128,0.680089485458613,0.0033658922268876364,0.011185682326621925,0.18231567722696593,0.697986577181208,0.14075105282690156,0.8501118568232662,0.5598434004474273
BSX,51.83000183105469,N/A,0.4976252520022262,0.843400447427293,0.3064365114036115,0.8590604026845636,0.016135126598273423,0.087248322147651,0.17715201608012338,0.9105145413870246,0.6750559284116331
BWA,68.66000366210938,N/A,0.679791341166097,0.919463087248322,0.09915189929538476,0.4183445190156599,0.08879782709955296,0.4161073825503355,0.09961571384051499,0.7315436241610738,0.6213646532438478
BXP,68.44999694824219,N/A,0.0925883821885213,0.24832214765100669,0.1403337542491419,0.5458612975391499,0.18242618252957374,0.7002237136465324,0.020042971459728755,0.1767337807606264,0.41778523489932884
C,139.3300018310547,N/A,0.518598532114547,0.8590604026845636,0.2691758023033035,0.8076062639821029,0.13464907743517815,0.5771812080536912,0.08254786213202081,0.6554809843400448,0.7248322147651006
CAG,15.619999885559082,N/A,0.12072318544399763,0.3087248322147651,0.1803268211912907,0.6644295302013422,0.17634903646254912,0.6778523489932886,0.10632831345483784,0.7583892617449663,0.6023489932885906
CAH,235.1699981689453,N/A,0.5882343848429928,0.8926174496644295,0.07003600829473813,0.3087248322147651,0.2073869316027463,0.7539149888143176,0.029100270313997055,0.3042505592841163,0.5648769574944071
CARR,62.779998779296875,N/A,0.025297121092503018,0.08501118568232663,0.033177814469822216,0.14093959731543623,0.025734384364580195,0.1319910514541387,0.08275216930499753,0.6577181208053691,0.2539149888143177
CAT,856.5700073242188,N/A,1.1194253405866368,0.9664429530201342,0.11055645006661814,0.4541387024608501,0.033941960424095016,0.17002237136465326,0.0251294787188654,0.24384787472035793,0.45861297539149887
CB,343.6400146484375,N/A,0.2608214085768671,0.5838926174496644,0.06394771759587642,0.27069351230425054,0.06343426757690668,0.3109619686800895,0.02419351693852956,0.23042505592841164,0.348993288590604
CBOE,296.1400146484375,N/A,0.20136293477281894,0.494407158836689,0.08136205549717566,0.35570469798657717,0.18252240690602692,0.7024608501118569,0.08313525723959518,0.6644295302013422,0.5542505592841163
CBRE,152.86000061035156,N/A,0.038192866955028,0.12527964205816555,0.07413395567949488,0.32885906040268453,0.17629860869665281,0.6756152125279642,0.08442106505173494,0.6711409395973155,0.45022371364653246
CCI,75.9800033569336,N/A,0.21688405621596865,0.5100671140939597,0.13888737811710528,0.5369127516778524,0.1130094838776218,0.5078299776286354,0.04029297569521739,0.3870246085011185,0.4854586129753915
CCL,28.1200008392334,N/A,0.039923368284175274,0.1319910514541387,0.10480287935345096,0.4250559284116331,0.154237528846193,0.621923937360179,0.07032478737219681,0.5928411633109619,0.4429530201342282
CDNS,324.82000732421875,N/A,0.07162454901356038,0.203579418344519,0.08468582312420479,0.37583892617449666,0.06456624680533926,0.319910514541387,0.01602489552598658,0.1319910514541387,0.25782997762863535
CDW,139.4199981689453,N/A,0.1321783943784106,0.35123042505592844,0.1110995046824846,0.4563758389261745,0.37402444874530627,0.9328859060402683,0.04638241084505447,0.44966442953020136,0.5475391498881431
CE,45.65999984741211,N/A,0.07743647514882888,0.21700223713646533,0.2228005903328547,0.7449664429530201,0.19558320930544518,0.7360178970917225,0.0001997179057668942,0.006711409395973153,0.42617449664429524
CF,118.30000305175781,N/A,0.4056846678489327,0.7762863534675616,0.2613035879326661,0.7986577181208054,0.0505466462551598,0.25727069351230425,0.020675880522570855,0.18344519015659955,0.5039149888143177
CFG,74.7300033569336,N/A,0.5944099188300577,0.8970917225950782,0.16369132691551455,0.6263982102908278,0.2358723826614933,0.8165548098434005,0.039027395074792914,0.378076062639821,0.6795302013422818
CHD,101.30000305175781,N/A,0.1095581353371395,0.29082774049217003,0.0048360443091908,0.015659955257270694,0.08037088823230361,0.3870246085011185,0.03608532241709133,0.3579418344519016,0.2628635346756152
CHRW,148.57000732421875,N/A,0.24479812955883598,0.5592841163310962,0.15011222950245867,0.5838926174496644,0.08870466259170809,0.41387024608501116,0.28743401762964627,0.982102908277405,0.6347874720357942
CHTR,154.27000427246094,N/A,0.42393573075244406,0.7964205816554809,0.35476177742526294,0.8926174496644295,0.09933729252130147,0.4541387024608501,0.17431689127220928,0.9038031319910514,0.761744966442953
CI,282.55999755859375,N/A,0.027083934252246714,0.09619686800894854,0.019478424858236774,0.07158836689038031,0.003759147299675065,0.020134228187919462,0.003943809925103177,0.03803131991051454,0.056487695749440715
CINF,173.1699981689453,N/A,0.17204506513140658,0.4407158836689038,0.0760386680556376,0.3422818791946309,0.04626269526613445,0.2348993288590604,0.04214832347013522,0.4004474272930649,0.354586129753915
CL,91.94999694824219,N/A,0.10790339050297346,0.28635346756152125,0.03742772663265949,0.174496644295302,0.04932641332180578,0.24832214765100669,0.005408411083145377,0.04921700223713646,0.1895973154362416
CLX,105.69999694824219,N/A,0.09448847717598623,0.25503355704697983,0.1402035166093275,0.5436241610738255,0.18225331894362815,0.6957494407158836,0.1102035471868421,0.7718120805369127,0.5665548098434005
CMCSA,26.18000030517578,N/A,0.1244455248829111,0.3266219239373601,0.14965873869922355,0.5816554809843401,0.07175707799466474,0.35570469798657717,0.10046234962893692,0.7360178970917225,0.49999999999999994
CME,269.79998779296875,N/A,0.023278505344001468,0.07606263982102908,0.08376922872838763,0.3713646532438479,0.09255542451498738,0.43847874720357943,0.10099973243413268,0.738255033557047,0.40604026845637586
CMG,33.5,N/A,0.2393278995553158,0.5413870246085011,0.07713496682947263,0.34675615212527966,0.026033642707409113,0.13870246085011184,0.02729380558046813,0.28187919463087246,0.3271812080536913
CMI,631.260009765625,N/A,0.6057509515480749,0.901565995525727,0.05717305751977338,0.24384787472035793,0.0908609522074911,0.4250559284116331,0.026554359767093572,0.2662192393736018,0.45917225950782997
CMS,71.11000061035156,N/A,0.014268156816092952,0.03803131991051454,0.0515868735690664,0.20805369127516776,0.000612464539054679,0.008948545861297539,0.0266955341545175,0.2684563758389262,0.13087248322147652
CNC,67.47000122070312,N/A,1.3681994300716378,0.9776286353467561,0.6626416504759817,0.9686800894854586,0.15788571633199086,0.6375838926174496,0.01550269026864103,0.12527964205816555,0.6772930648769575
CNP,40.83000183105469,N/A,0.0952020968928887,0.2595078299776286,0.029163270176376828,0.1185682326621924,0.011472575538717864,0.060402684563758385,0.053327131465361124,0.4899328859060402,0.2321029082774049
COF,227.33999633789062,N/A,0.06791590539464414,0.19463087248322147,0.10522003137561634,0.4317673378076063,0.21983153025754826,0.7919463087248322,0.09282313931597964,0.7002237136465324,0.5296420581655481
COO,76.16999816894531,N/A,0.03972148440978158,0.1297539149888143,0.08217857417009992,0.36017897091722595,0.2778056934916056,0.8747203579418344,0.062194939916522446,0.5391498881431768,0.4759507829977629
COP,126.77999877929688,N/A,0.37398666537459024,0.7293064876957495,0.15513003921961174,0.5928411633109619,0.03569965678009519,0.18344519015659955,0.10522186200991815,0.7494407158836688,0.5637583892617449
COST,961.0999755859375,N/A,0.005485766558177427,0.011185682326621925,0.05346706461135114,0.21252796420581654,0.08229368677702924,0.38926174496644295,0.023125457742653635,0.21700223713646533,0.20749440715883669
COTY,2.8499999046325684,N/A,0.4207317356833522,0.7919463087248322,0.13545813364985695,0.5257270693512305,0.38349513776543454,0.9485458612975392,0.09195403033835434,0.697986577181208,0.7410514541387024
CPB,23.170000076293945,N/A,0.2420392852262666,0.5548098434004474,0.18686359051470613,0.6733780760626398,0.1774872233544238,0.6845637583892618,0.04936594911024518,0.46756152125279643,0.5950782997762863
CPRT,31.610000610351562,N/A,0.32858964781303124,0.6711409395973155,0.1568418459552255,0.6040268456375838,0.02136218709000123,0.11409395973154363,0.14487504207081825,0.8680089485458613,0.564317673378076
CRM,196.2100067138672,N/A,0.1838365111201381,0.46308724832214765,0.03947086235422326,0.18120805369127516,0.13374689800048986,0.5704697986577181,0.1489723124959177,0.8747203579418344,0.5223713646532439
CSCO,111.68000030517578,N/A,0.721941050768256,0.9395973154362416,0.4665608750481027,0.9395973154362416,0.05170632498490244,0.261744966442953,0.002322691893512902,0.02237136465324385,0.54082774049217
CSX,50.15999984741211,N/A,0.4005654605716192,0.7695749440715883,0.2351227749785577,0.7583892617449663,0.10192212045422262,0.46308724832214765,0.011625618770204741,0.09172259507829977,0.5206935123042505
CTAS,199.52000427246094,N/A,0.06937823408273487,0.19686800894854584,0.036922000378901094,0.16778523489932887,0.1885110461620546,0.7181208053691275,0.021578377145549214,0.19686800894854584,0.319910514541387
CTSH,58.790000915527344,N/A,0.14239989974643907,0.3870246085011185,0.10584802908175438,0.43400447427293065,0.2561966212378057,0.8478747203579418,0.31315613836078104,0.988814317673378,0.6644295302013422
CTVA,76.68000030517578,N/A,0.07892526575936445,0.22371364653243847,0.026653183072982506,0.10961968680089486,0.06511707382956866,0.3266219239373601,0.12164951174498492,0.7986577181208054,0.36465324384787473
CVS,97.16000366210938,N/A,0.46128068986915327,0.8232662192393735,0.2566205680536641,0.7874720357941833,0.01951731952559738,0.10738255033557045,0.09033669944442131,0.6890380313199106,0.6017897091722595
CVX,200.0,N/A,0.33105438473008303,0.6823266219239373,0.10920984708082629,0.44742729306487694,0.05615820197833051,0.2796420581655481,0.06734974270643257,0.5771812080536912,0.49664429530201337
D,68.7699966430664,N/A,0.17447204224795598,0.4451901565995526,0.05546265462676875,0.2214765100671141,0.1252001657749605,0.5436241610738255,0.03195388855864694,0.319910514541387,0.3825503355704698
DAL,89.3499984741211,N/A,0.4994602342473896,0.8456375838926173,0.3051053224967596,0.8545861297539149,0.2753896155235919,0.8702460850111856,0.06154212210838508,0.5324384787472036,0.7757270693512304
DD,146.25999450683594,N/A,0.6239422887139908,0.9060402684563758,0.021441461693802583,0.08277404921700222,0.011289111415056,0.058165548098434,0.08108508954909932,0.6442953020134228,0.42281879194630867
DE,608.8499755859375,N/A,0.26120442176432107,0.5861297539149888,0.015414135018734789,0.05369127516778523,0.08649955899135911,0.40268456375838924,0.019439397129127928,0.16331096196868006,0.30145413870246085
DG,123.27999877929688,N/A,0.11539918568583024,0.29977628635346754,0.19074145524901148,0.6845637583892618,0.210282901196512,0.767337807606264,0.01964215682467694,0.17002237136465326,0.48042505592841167
DGX,234.39999389648438,N/A,0.3267718677660425,0.6666666666666665,0.1426482109978428,0.5525727069351231,0.26120259100236115,0.8612975391498882,0.11258782060623197,0.7807606263982103,0.715324384787472
DHI,148.80999755859375,N/A,0.09071268256770697,0.24384787472035793,0.10772976040189257,0.4407158836689038,0.10239658262453577,0.46756152125279643,0.000913912065083734,0.013422818791946307,0.29138702460850113
DHR,202.4499969482422,N/A,0.033122204590711087,0.10961968680089486,0.04364262186440113,0.19686800894854584,0.2529800360110704,0.843400447427293,0.006770371733383599,0.05369127516778523,0.30089485458612975
DIS,106.8499984741211,N/A,0.060601387662893434,0.17225950782997765,0.021040663612424217,0.07829977628635347,0.0481769224407591,0.24384787472035793,0.09398997109938116,0.7069351230425056,0.30033557046979864
DLR,200.14999389648438,N/A,0.2338416682908402,0.5324384787472036,0.12093892370967124,0.4832214765100671,0.06882641303018398,0.3400447427293065,0.15108113800305387,0.8769574944071589,0.558165548098434
DLTR,129.38999938964844,N/A,0.14010046546097268,0.378076062639821,0.02641600742144132,0.10738255033557045,0.44440719741973506,0.9619686800894854,0.027393972378611815,0.28635346756152125,0.43344519015659955
DOV,207.07000732421875,N/A,0.18520507205664025,0.465324384787472,0.1017819288760059,0.4205816554809843,0.015144758162343407,0.08053691275167785,0.03319630962134435,0.33557046979865773,0.32550335570469796
DOW,31.06999969482422,N/A,0.39962356225992557,0.767337807606264,0.022539881013564685,0.0894854586129754,0.19004036167288876,0.7248322147651006,0.03843581602934002,0.37360178970917224,0.4888143176733781
DPZ,346.2699890136719,N/A,0.21786547099297168,0.5145413870246085,0.06745540742021645,0.28635346756152125,0.1525709888224767,0.6129753914988814,0.07477185699154529,0.6129753914988814,0.5067114093959731
DRI,225.25999450683594,N/A,0.12083475721979718,0.3109619686800895,0.08193900405969741,0.3579418344519016,0.15923157000134042,0.6420581655480985,0.13463958037522802,0.8344519015659955,0.5363534675615212
DTE,140.83999633789062,N/A,0.04758271793650689,0.14988814317673377,0.012865984656044367,0.042505592841163314,0.015601601091865605,0.08501118568232663,0.04959852879698675,0.4697986577181208,0.18680089485458612
DUK,123.91999816894531,N/A,0.04752143000777655,0.14765100671140938,0.016460426900994862,0.060402684563758385,0.033563688781455714,0.16554809843400445,3.817145435211221e-06,0.0022371364653243847,0.09395973154362415
DVA,180.05999755859375,N/A,0.3300339124264111,0.6778523489932886,0.20886204261663602,0.7203579418344519,0.0985281235272813,0.4519015659955257,0.24015699611321678,0.9619686800894854,0.7030201342281879
DVN,45.849998474121094,N/A,0.3962843204428593,0.7651006711409396,0.039348275221570445,0.1789709172259508,0.06696071272815572,0.33333333333333326,0.04608707640151606,0.44742729306487694,0.43120805369127513
DXC,10.789999961853027,N/A,0.21298322889637344,0.5078299776286354,0.1941747807920169,0.6912751677852349,0.20693517542541184,0.7516778523489933,0.13938750344284476,0.8456375838926173,0.6991051454138703
DXCM,89.75,N/A,0.1087091214763647,0.2885906040268456,0.28177669669864686,0.8277404921700223,0.45627127120776356,0.9686800894854586,0.17090669554257237,0.8970917225950782,0.7455257270693512
EBAY,103.13999938964844,N/A,0.0373808898225487,0.1185682326621924,0.25967095360391024,0.7919463087248322,0.10939516416722263,0.4899328859060402,0.07960019956524841,0.6353467561521253,0.5089485458612976
ECL,276.1099853515625,N/A,0.006327384487781905,0.015659955257270694,0.07208444020804834,0.319910514541387,0.11809421662258895,0.5190156599552572,0.01202213444535756,0.09619686800894854,0.23769574944071586
ED,108.80000305175781,N/A,0.10642222391531607,0.2841163310961969,0.02767094111063815,0.11185682326621924,0.03264998501782727,0.1610738255033557,0.031770041893434124,0.31767337807606266,0.2186800894854586
EFX,180.85000610351562,N/A,0.262227138970833,0.5906040268456375,0.056206511388053014,0.23042505592841164,0.1458805216903696,0.5950782997762863,0.02128983642126769,0.1901565995525727,0.401565995525727
EIX,71.41000366210938,N/A,0.3575746429475094,0.7136465324384786,0.023372849707667172,0.09843400447427292,0.04479040402884694,0.2214765100671141,0.08012358381263157,0.639821029082774,0.41834451901565994
EL,86.0999984741211,N/A,0.03965576251694918,0.12751677852348992,0.19896432415780801,0.7069351230425056,0.07664312997290289,0.378076062639821,0.04833801721012364,0.4608501118568233,0.41834451901565994
EMN,74.06999969482422,N/A,0.18609303445288583,0.46756152125279643,0.05333924884391584,0.21029082774049215,0.04647237005519457,0.2371364653243848,0.07973762889756693,0.6375838926174496,0.38814317673378074
EMR,163.1699981689453,N/A,0.2579336450118594,0.5816554809843401,0.1097349309517872,0.44966442953020136,0.23054008391623843,0.8076062639821029,0.17330772433792682,0.901565995525727,0.6851230425055929
EOG,142.61000061035156,N/A,0.24016709851830237,0.5458612975391499,0.19923673530219202,0.7091722595078299,0.024300436096196525,0.12304250559284116,0.01944385754929383,0.16554809843400445,0.3859060402684564
EQIX,1102.0999755859375,N/A,0.4426612876615381,0.8120805369127517,0.16460892370778263,0.6331096196868009,0.04541166052084373,0.22818791946308725,0.08049017214307598,0.6420581655480985,0.5788590604026846
EQR,65.97000122070312,N/A,0.07525953751561254,0.21252796420581654,0.05641278634275523,0.2371364653243848,0.043445059820742614,0.21923937360178972,0.04391302578691123,0.4205816554809843,0.27237136465324385
ES,72.36000061035156,N/A,0.15479113085851914,0.41163310961968674,0.008629807953061196,0.03131991051454139,0.09005460519185489,0.4205816554809843,0.030286813897684936,0.3109619686800895,0.2936241610738255
ESS,287.5199890136719,N/A,0.15268277905847458,0.40268456375838924,0.1673377305763224,0.6353467561521253,0.08611767478058796,0.4004474272930649,0.018468589073762882,0.14988814317673377,0.3970917225950783
ETN,451.510009765625,N/A,0.30058405094358864,0.6465324384787472,0.16965189150147944,0.6442953020134228,0.13313858313332147,0.5637583892617449,0.1315805796888847,0.8232662192393735,0.669463087248322
ETR,107.83999633789062,N/A,0.24019099293866608,0.5480984340044742,0.03812517062101017,0.1767337807606264,0.005010004240468941,0.02460850111856823,0.04200138344102693,0.39821029082774045,0.28691275167785235
EVRG,84.02999877929688,N/A,0.2097497173327991,0.5033557046979865,0.03335808681105622,0.14541387024608501,0.05259626867611552,0.2684563758389262,0.018226400576478823,0.14541387024608501,0.2656599552572707
EW,91.5999984741211,N/A,0.170457398080173,0.4317673378076063,0.20732826094760756,0.7158836689038032,0.12558370073272376,0.5458612975391499,0.06847072072011942,0.5794183445190156,0.5682326621923938
EXC,45.86000061035156,N/A,0.056422751739435395,0.16554809843400445,0.03697064392080872,0.17225950782997765,0.0671111719044238,0.33557046979865773,0.008646729911260045,0.06711409395973154,0.18512304250559283
EXPD,186.1199951171875,N/A,0.5690380753725008,0.8836689038031319,0.2769905905703019,0.8187919463087248,0.20346826056155984,0.7427293064876958,0.018161881892800998,0.14317673378076062,0.6470917225950783
EXPE,332.69000244140625,N/A,0.6164165477698365,0.9038031319910514,0.5710709628773912,0.9597315436241611,0.5312375473367998,0.9798657718120805,0.23782422160415712,0.9597315436241611,0.9507829977628636
EXR,147.89999389648438,N/A,0.12943882838584944,0.3445190156599553,0.03335182670755962,0.14317673378076062,0.09209826567191355,0.4317673378076063,0.0017549254805498849,0.020134228187919462,0.23489932885906042
F,14.369999885559082,N/A,0.3146835959247701,0.6532438478747202,0.04169464526160416,0.1901565995525727,0.08400242813645563,0.3937360178970917,0.02077524532621168,0.18568232662192394,0.3557046979865771
FANG,202.47000122070312,N/A,0.4787256484976514,0.8366890380313198,0.21750239159114168,0.738255033557047,0.00012300788652401873,0.0022371364653243847,0.04114267851429007,0.38926174496644295,0.49161073825503354
FAST,51.02000045776367,N/A,0.06645346507211203,0.1901565995525727,0.11125478705955978,0.45861297539149887,0.18585244543181345,0.7091722595078299,0.12771974350434448,0.8120805369127517,0.5425055928411633
FB,45.07600021362305,N/A,0.12811658309188872,0.33333333333333326,0.07712659844064443,0.3445190156599553,0.018946269922389056,0.10514541387024608,0.010967286279384833,0.0894854586129754,0.2181208053691275
FCX,66.48999786376953,N/A,0.5865150416677476,0.8881431767337807,0.06298770712153634,0.261744966442953,0.0577905967204885,0.28635346756152125,0.1389173800492382,0.843400447427293,0.569910514541387
FDX,334.6400146484375,N/A,0.8629691631475263,0.9485458612975392,0.11693332676003199,0.4742729306487696,0.10928532503053308,0.48769574944071586,0.06920570931622706,0.5816554809843401,0.6230425055928411
FE,47.40999984741211,N/A,0.13445446266328795,0.3579418344519016,0.034454407272990005,0.15436241610738255,0.09265192993240604,0.4407158836689038,0.013393621924517379,0.10738255033557045,0.2651006711409396
FFIV,403.20001220703125,N/A,0.2786199558872245,0.6107382550335569,0.47190896574896685,0.9440715883668903,0.11203052330266902,0.5011185682326622,0.01442188660097816,0.1185682326621924,0.5436241610738255
FIS,42.91999816894531,N/A,0.3744317676363313,0.7315436241610738,0.06445878489782794,0.27293064876957496,0.03851992712872808,0.1901565995525727,0.024099220358159205,0.22818791946308725,0.35570469798657717
FISV,54.38999938964844,N/A,0.6021214293790967,0.8993288590604027,0.08372643479785317,0.3691275167785235,0.016989018801706623,0.09395973154362416,0.07426423547719617,0.6107382550335569,0.49328859060402686
FITB,58.060001373291016,N/A,0.4131300999380343,0.7829977628635346,0.11615815128819879,0.47203579418344516,0.23488749561361696,0.814317673378076,0.0008619729909430364,0.011185682326621925,0.5201342281879194
FLS,80.87000274658203,N/A,0.5567164742444307,0.8791946308724832,0.09294725333930288,0.3959731543624161,0.24647223828687154,0.832214765100671,0.18127379240535332,0.9172259507829977,0.756152125279642
FMC,10.149999618530273,N/A,0.7194138122995926,0.9373601789709172,0.2838403647170001,0.8389261744966443,0.2786976193939026,0.8791946308724832,0.09455846708381624,0.7091722595078299,0.8411633109619686
FOX,61.40999984741211,N/A,0.1622478913393226,0.42729306487695745,0.19744048859653313,0.7024608501118569,0.061171608447652855,0.29530201342281875,0.18942472548846484,0.9284116331096196,0.5883668903803132
FOXA,69.04000091552734,N/A,0.19428256985298023,0.4832214765100671,0.2312097942639125,0.7516778523489933,0.06461067910554082,0.3221476510067114,0.19819510925612277,0.9418344519015659,0.6247203579418344
FRT,118.38999938964844,N/A,0.31609554151579844,0.6577181208053691,0.15237283092054066,0.5861297539149888,0.05588353991210459,0.2774049217002237,0.060545924906099176,0.5279642058165548,0.5123042505592841
FTI,78.61000061035156,N/A,1.2557929435440394,0.9731543624161074,0.28300707370594264,0.8344519015659955,0.10358505526670568,0.4742729306487696,0.090745122009443,0.6912751677852349,0.7432885906040269
FTNT,160.00999450683594,N/A,1.022626637243365,0.9619686800894854,0.8701495917792291,0.9843400447427293,0.30322524920742033,0.8903803131991052,0.009900415181442307,0.07606263982102908,0.7281879194630873
FTV,61.619998931884766,N/A,0.28514799322535744,0.621923937360179,0.0852044680293457,0.378076062639821,0.05041955166623824,0.25503355704697983,0.002589832479338394,0.029082774049217,0.32102908277404923
GD,395.7799987792969,N/A,0.2839499413808691,0.6174496644295302,0.14879855506831138,0.5771812080536912,0.18840621809099295,0.7158836689038032,0.07379676921687195,0.6062639821029082,0.6291946308724832
GE,368.3800048828125,N/A,0.3823063609511161,0.7427293064876958,0.1710994537652439,0.6487695749440715,0.31012395685116384,0.8948545861297539,0.0560445462348369,0.5033557046979865,0.6974272930648769
GILD,138.36000061035156,N/A,0.1993273230916473,0.4899328859060402,0.09626895891382775,0.41163310961968674,0.07477478182248337,0.3691275167785235,0.030384285583444144,0.3131991051454139,0.3959731543624161
GIS,39.20000076293945,N/A,0.16135045489764782,0.4205816554809843,0.16111603732413188,0.6174496644295302,0.20880710223997703,0.7606263982102908,0.03239398216204616,0.3221476510067114,0.5302013422818792
GL,181.0,N/A,0.3473174595728639,0.6935123042505593,0.2600253513104639,0.7964205816554809,0.16957918968247576,0.6599552572706935,0.020350696138913455,0.18120805369127516,0.5827740492170023
GLW,165.99000549316406,N/A,1.5642495513049284,0.982102908277405,0.24797456767584272,0.7718120805369127,0.13328604445271633,0.5682326621923938,0.0736045846833182,0.6040268456375838,0.7315436241610738
GM,86.7699966430664,N/A,0.5550320211885803,0.8769574944071589,0.07503675580252044,0.33333333333333326,0.16160943299273903,0.6465324384787472,0.14065987894266038,0.8478747203579418,0.6761744966442953
GOOG,343.5400085449219,N/A,0.6813285117935577,0.9217002237136466,0.12407333829476772,0.48769574944071586,0.12603794028177973,0.5480984340044742,0.0074540234850983015,0.060402684563758385,0.5044742729306487
GOOGL,345.8999938964844,N/A,0.7012592630061079,0.930648769574944,0.13290017501581738,0.5145413870246085,0.12771159386316344,0.5503355704697986,0.002508853547742274,0.026845637583892613,0.5055928411633109
GPC,135.02999877929688,N/A,0.015012897380574064,0.042505592841163314,0.0639336524875134,0.2684563758389262,0.4698089866813537,0.9776286353467561,0.08179778168110366,0.6465324384787472,0.4837807606263982
GPN,93.05000305175781,N/A,0.086211022535923,0.2371364653243848,0.3684797417311116,0.8970917225950782,0.38216701121916735,0.9463087248322146,0.19570808810921309,0.9373601789709172,0.7544742729306487
GRMN,310.20001220703125,N/A,0.35700204558903387,0.7114093959731543,0.4564968906648012,0.9373601789709172,0.3801729154836672,0.9418344519015659,0.24298771935273777,0.9642058165548099,0.8887024608501118
GS,1039.4200439453125,N/A,0.45109500644477313,0.8165548098434005,0.15948387762692862,0.6085011185682326,0.1007211561145861,0.45861297539149887,0.02422028075645504,0.232662192393736,0.529082774049217
GWW,1322.6400146484375,N/A,0.3749129740033925,0.7337807606263982,0.17366061887657055,0.6510067114093959,0.041457138993154105,0.20805369127516776,0.0500261800118678,0.47203579418344516,0.5162192393736018
HAL,34.41999816894531,N/A,0.6675463965004981,0.9105145413870246,0.02278836512257256,0.09172259507829977,0.17225983988821328,0.6644295302013422,0.022714452698188788,0.21029082774049215,0.4692393736017897
HAS,96.69999694824219,N/A,0.23182434795150167,0.5302013422818792,0.04183378324878189,0.19239373601789708,0.02353771524138772,0.116331096196868,0.18577551599684233,0.9217002237136466,0.4401565995525727
HBAN,17.90999984741211,N/A,0.12140307498581526,0.3131991051454139,0.05768173910398906,0.24608501118568232,0.1727272784041414,0.6666666666666665,0.018630145347281676,0.15212527964205816,0.34451901565995524
HCA,404.67999267578125,N/A,0.029398901181989345,0.10290827740492169,0.24837733373055443,0.774049217002237,0.0413923375314643,0.20581655480984337,0.09025270936211699,0.6868008948545861,0.44239373601789705
HD,338.8599853515625,N/A,0.12897636545112987,0.3400447427293065,0.12112478156273097,0.4854586129753915,0.1475299781009753,0.5995525727069351,2.953866016239779e-05,0.0044742729306487695,0.3573825503355705
HIG,138.02000427246094,N/A,0.075614496434112,0.2147651006711409,0.014033000589272879,0.04697986577181208,0.03550250201513218,0.18120805369127516,0.01597027179596694,0.1297539149888143,0.14317673378076062
HII,327.7099914550781,N/A,0.251621114006094,0.5727069351230425,0.21162943385903846,0.7293064876957495,0.009060817276791453,0.04697986577181208,0.2176642719483216,0.9530201342281879,0.575503355704698
HLT,327.2099914550781,N/A,0.22466908173493827,0.5257270693512305,0.04099132275592549,0.18568232662192394,0.03539906159504122,0.1789709172259508,0.018330586320808386,0.14765100671140938,0.25950782997762867
HON,233.9600067138672,N/A,0.1132795561985048,0.2930648769574944,0.06331561940814447,0.2662192393736018,0.04928830471619853,0.24608501118568232,0.04284953983239241,0.41163310961968674,0.3042505592841163
HPE,58.709999084472656,N/A,1.8323679071865855,0.9843400447427293,1.611786890862744,1.0,0.7789053977424433,1.0,0.2813181902116966,0.9776286353467561,0.9904921700223713
HPQ,30.110000610351562,N/A,0.18380527005652023,0.4608501118568233,0.6080519578149872,0.9619686800894854,0.4645170561469676,0.9753914988814317,0.21215782710913675,0.9485458612975392,0.8366890380313199
HRB,53.91999816894531,N/A,0.12187261271364787,0.31543624161073824,0.7793922123728704,0.9776286353467561,0.463448533057571,0.9731543624161074,0.2813687220220796,0.9798657718120805,0.8115212527964206
HRL,24.540000915527344,N/A,0.09313010544929927,0.2505592841163311,0.059203379696088486,0.25727069351230425,0.2580667020311778,0.8501118568232662,0.03347768785168385,0.3400447427293065,0.424496644295302
HSIC,89.7699966430664,N/A,0.32326063515612596,0.6621923937360178,0.1481007013695636,0.5749440715883669,0.2344608792100681,0.8120805369127517,0.0222044745504265,0.20581655480984337,0.5637583892617449
HST,22.899999618530273,N/A,0.5766258443727742,0.8859060402684564,0.2082116604318215,0.7181208053691275,0.11215316525451322,0.5033557046979865,0.043441975452248364,0.4161073825503355,0.6308724832214765
HSY,184.22000122070312,N/A,0.06621298238948688,0.18568232662192394,0.153902396992548,0.5906040268456375,0.007014207469237328,0.035794183445190156,0.08312024028265634,0.6621923937360178,0.36856823266219235
HUM,389.04998779296875,N/A,0.3780639852676625,0.738255033557047,1.1289974679265689,0.988814317673378,0.27808033954913053,0.8769574944071589,0.027375030517578124,0.2841163310961969,0.7220357941834452
HWM,289.17999267578125,N/A,0.6921580732093172,0.9261744966442953,0.15681719587882845,0.6017897091722595,0.11127242824492053,0.49664429530201337,0.06199689958344316,0.5369127516778524,0.6403803131991052
IBM,234.32000732421875,N/A,0.0028850160198847716,0.0022371364653243847,0.09391775822294453,0.4004474272930649,0.07615544621106483,0.37583892617449666,0.10970473770135462,0.767337807606264,0.3864653243847875
ICE,154.72999572753906,N/A,0.13516632448470364,0.3624161073825503,0.023157080533127337,0.09619686800894854,0.006119833847701664,0.029082774049217,0.10798426416139156,0.7651006711409396,0.3131991051454139
IDXX,550.9600219726562,N/A,0.15346321793603013,0.4093959731543624,0.12455701383049808,0.4899328859060402,0.04192599116196957,0.21029082774049215,0.029042683627951874,0.3020134228187919,0.35290827740492164
IEX,238.94000244140625,N/A,0.47169930484376327,0.832214765100671,0.14336771138471122,0.5570469798657718,0.15834178526181425,0.639821029082774,0.06223881856517186,0.5413870246085011,0.6426174496644295
IFF,84.18000030517578,N/A,0.3098845604413151,0.6487695749440715,0.025600982318636355,0.10067114093959731,0.15766215981419726,0.6353467561521253,0.07647063414710292,0.621923937360179,0.5016778523489933
ILMN,190.88999938964844,N/A,0.9068024995088259,0.9530201342281879,0.63419230698892,0.9642058165548099,0.33920308952490613,0.919463087248322,0.022716344129727426,0.21252796420581654,0.7623042505592841
INCY,120.16000366210938,N/A,0.3824206879129919,0.7449664429530201,0.18852626583240883,0.6778523489932886,0.2607282209637932,0.8568232662192393,0.02481879455956823,0.24161073825503354,0.6303131991051454
INFO,28.552000045776367,N/A,0.2530435511220075,0.5749440715883669,0.16872696230492032,0.6420581655480985,0.06896297358447019,0.3445190156599553,0.045592737225227095,0.43847874720357943,0.5
INTC,102.5,N/A,3.173452859481445,0.9932885906040267,1.190638982569141,0.9910514541387024,0.05764454202974447,0.2841163310961969,0.07849325560406076,0.6286353467561522,0.7242729306487695
INTU,345.6600036621094,N/A,0.512315232121355,0.8523489932885906,0.12803180124774446,0.4988814317673378,0.11656192080028509,0.5145413870246085,0.18746782098576528,0.9261744966442953,0.697986577181208
IP,40.7400016784668,N/A,0.08243936352775025,0.23042505592841164,0.13979964267010583,0.5413870246085011,0.3819766564637796,0.9440715883668903,0.09701668080084937,0.7225950782997762,0.6096196868008948
IPGP,85.79000091552734,N/A,0.09050467665312119,0.24161073825503354,0.4425963298404643,0.9328859060402683,0.16514208707592026,0.6510067114093959,0.17770536365512418,0.912751677852349,0.6845637583892616
IQV,236.66000366210938,N/A,0.23847406037750193,0.5391498881431768,0.417635079675849,0.919463087248322,0.39936146224532293,0.9552572706935123,0.14738684167988722,0.8702460850111856,0.8210290827740492
IR,83.33999633789062,N/A,0.06515224839569557,0.1789709172259508,0.15345859739138953,0.5883668903803132,0.18492778676129132,0.7069351230425056,0.013614687899033638,0.11185682326621924,0.3965324384787472
IRM,129.42999267578125,N/A,0.4628925067737252,0.825503355704698,0.196187829288997,0.7002237136465324,0.04193550368324012,0.21252796420581654,0.045307648156871494,0.43400447427293065,0.5430648769574944
ISRG,394.510009765625,N/A,0.17854911559646086,0.4541387024608501,0.18798367211568087,0.6756152125279642,0.06318860576581643,0.3064876957494407,0.1421168271367715,0.8568232662192393,0.5732662192393736
IT,181.08999633789062,N/A,0.24131721276283996,0.5503355704697986,0.14194724585018773,0.5503355704697986,0.23839158605532587,0.8187919463087248,0.29174686628298563,0.9843400447427293,0.7259507829977628
ITW,290.80999755859375,N/A,0.15279880215775163,0.4049217002237136,0.017285259426361586,0.06487695749440715,0.18124635480422083,0.6912751677852349,0.053468612274290964,0.49217002237136465,0.41331096196868006
IVZ,32.54999923706055,N/A,0.5901696993641399,0.8948545861297539,0.24523949969689124,0.767337807606264,0.2082487800035995,0.7583892617449663,0.10589633204053983,0.756152125279642,0.7941834451901566
J,144.66000366210938,N/A,0.012078965006702547,0.03131991051454139,0.09567062519105451,0.4093959731543624,0.313167175495438,0.8993288590604027,0.0979886425966556,0.7293064876957495,0.517337807606264
JBHT,279.7099914550781,N/A,0.965836977639995,0.9597315436241611,0.26579791384143153,0.8031319910514542,0.06853968619999769,0.3378076062639821,0.038530684022522556,0.37583892617449666,0.6191275167785235
JCI,153.63999938964844,N/A,0.49285213315878834,0.8411633109619686,0.1098825441158137,0.4519015659955257,0.07677614924410353,0.3803131991051454,0.0938344870125941,0.7024608501118569,0.5939597315436241
JKHY,153.30999755859375,N/A,0.029659851068648362,0.10514541387024608,0.01360091208784412,0.0447427293064877,0.1251487439659727,0.5413870246085011,0.010812945272285433,0.087248322147651,0.19463087248322147
JNJ,260.3500061035156,N/A,0.510728802796225,0.8478747203579418,0.08128693331734647,0.3534675615212528,0.15498783296874208,0.6286353467561522,0.028888764667001826,0.2975391498881432,0.5318791946308725
JPM,362.8399963378906,N/A,0.27295731713192606,0.6017897091722595,0.21084077348520924,0.7248322147651006,0.2238493493430125,0.7941834451901566,0.06373494531037163,0.5592841163310962,0.6700223713646533
KEY,23.309999465942383,N/A,0.34677954450306264,0.6912751677852349,0.0955751634848231,0.407158836689038,0.11886416521885693,0.523489932885906,0.010191073413729768,0.08053691275167785,0.4256152125279642
KEYS,357.82000732421875,N/A,1.189841007894416,0.9686800894854586,0.5323541421853087,0.9552572706935123,0.025242822016795553,0.12751677852348992,0.1327002666592989,0.8277404921700223,0.7197986577181208
KHC,25.510000228881836,N/A,0.016211423907102188,0.05145413870246084,0.06485115946564875,0.2751677852348993,0.1331739526141584,0.5659955257270693,0.014296713442157846,0.116331096196868,0.25223713646532436
KIM,24.40999984741211,N/A,0.20491786223670164,0.49664429530201337,0.09877521121459251,0.4161073825503355,0.07292276923190424,0.3579418344519016,0.06546711090655065,0.5727069351230425,0.46085011185682323
KLAC,203.72000122070312,N/A,1.3433948172704993,0.9753914988814317,0.39499271470970376,0.9082774049217002,0.1305090324333712,0.5548098434004474,0.042444177576013514,0.407158836689038,0.7114093959731543
KMB,110.38999938964844,N/A,0.12896959221508308,0.3378076062639821,0.03544898858103643,0.15883668903803133,0.1667838500895145,0.6532438478747202,0.018827881349851507,0.15883668903803133,0.3271812080536912
KMI,32.81999969482422,N/A,0.28006645254774193,0.6152125279642058,0.03443810218645485,0.15212527964205816,0.01496382522900613,0.07829977628635347,0.02559650373633259,0.24832214765100669,0.273489932885906
KMX,59.91999816894531,N/A,0.03739612032860554,0.12080536912751677,0.44629490049652754,0.9351230425055929,0.622529046135628,0.988814317673378,0.04517697985642952,0.4317673378076063,0.6191275167785235
KO,87.70999908447266,N/A,0.2899603171130122,0.6308724832214765,0.12968053427583393,0.5033557046979865,0.09225783434842857,0.43624161073825507,0.07540463106881123,0.6174496644295302,0.5469798657718121
KR,56.689998626708984,N/A,0.16810160966042562,0.4295302013422818,0.19467148041203325,0.6935123042505593,0.13542911178017697,0.5816554809843401,0.029599325699215515,0.3087248322147651,0.5033557046979866
KSS,19.209999084472656,N/A,0.438440705145829,0.8053691275167785,0.014942563585949229,0.04921700223713646,0.6449264308381283,0.9910514541387024,0.11040462032625145,0.774049217002237,0.6549217002237137
L,113.02999877929688,N/A,0.19264199217231154,0.47651006711409394,0.040269515285782806,0.18344519015659955,0.06895380603891552,0.3422818791946309,0.012407149032843394,0.10067114093959731,0.2757270693512304
LB,78.69000244140625,N/A,0.5379836583040564,0.8680089485458613,0.20983496411100486,0.7225950782997762,0.13060648256903443,0.5570469798657718,0.013132538901858302,0.10514541387024608,0.5631991051454138
LDOS,143.8300018310547,N/A,0.18177775462993104,0.4563758389261745,0.17926299790367348,0.6621923937360178,0.16693400013085546,0.6554809843400448,0.35077007228220564,0.9910514541387024,0.6912751677852349
LEG,9.65999984741211,N/A,0.05640210770557367,0.16331096196868006,0.16415124528892283,0.6308724832214765,0.06395766119820237,0.31767337807606266,0.11963099964539253,0.7964205816554809,0.47706935123042504
LEN,86.83000183105469,N/A,0.3286973404670094,0.6733780760626398,0.2818869725787151,0.8299776286353467,0.06133373520031132,0.29977628635346754,0.035045922789326306,0.35570469798657717,0.5397091722595078
LH,318.1300048828125,N/A,0.18902701295128374,0.47203579418344516,0.1315313758517841,0.5100671140939597,0.2739782830028953,0.8657718120805369,0.12270617352027002,0.8008948545861297,0.6621923937360179
LHX,291.82000732421875,N/A,0.09610354477986188,0.2639821029082774,0.14899300237146354,0.5794183445190156,0.03423880071533542,0.17225950782997765,0.0347859906346825,0.348993288590604,0.34116331096196867
LIN,482.739990234375,N/A,0.01907627701948601,0.06487695749440715,0.010172853836159183,0.035794183445190156,0.04315949966894375,0.21700223713646533,0.059389700730062424,0.5212527964205816,0.20973154362416108
LKQ,25.420000076293945,N/A,0.15285792042570548,0.407158836689038,0.23841386158212688,0.7606263982102908,0.04503677357054727,0.22371364653243847,0.0015760802541388075,0.017897091722595078,0.3523489932885906
LLY,1180.1600341796875,N/A,0.6936000491199618,0.9284116331096196,0.1383515982643792,0.5324384787472036,0.17606498222832376,0.6733780760626398,0.0023248274548603085,0.02460850111856823,0.5397091722595078
LMT,608.6799926757812,N/A,0.42859713207988276,0.8008948545861297,0.056217565387837426,0.232662192393736,0.18731166634640273,0.7114093959731543,0.19637558389754894,0.9395973154362416,0.6711409395973155
LNC,45.459999084472656,N/A,0.1734104325131256,0.4429530201342282,0.13954746150163927,0.5391498881431768,0.33790706329510417,0.9149888143176733,0.07623099616606684,0.6196868008948545,0.6291946308724832
LNT,70.5999984741211,N/A,0.12651628851175148,0.3310961968680089,0.006734056551583833,0.017897091722595078,0.0033407164275943545,0.015659955257270694,0.049226655937307226,0.465324384787472,0.20749440715883666
LOW,218.47000122070312,N/A,0.1154560140205935,0.3020134228187919,0.23144389231491666,0.7539149888143176,0.006410523608453015,0.03355704697986577,0.053131712793855056,0.48769574944071586,0.3942953020134228
LRCX,332.3599853515625,N/A,2.358450387000049,0.9910514541387024,0.41380126621658875,0.9172259507829977,0.1681444595156695,0.6577181208053691,0.06083625375430514,0.5302013422818792,0.774049217002237
LUV,44.2599983215332,N/A,0.4314776732530101,0.8031319910514542,0.12648609442568676,0.49217002237136465,0.15463040658937346,0.6263982102908278,0.07945098510903464,0.6331096196868009,0.6387024608501118
LVS,46.22999954223633,N/A,0.11980342553441677,0.3042505592841163,0.18117389751799873,0.6666666666666665,0.09059401074125463,0.42281879194630867,0.025687993883915766,0.25279642058165547,0.41163310961968674
LW,53.06999969482422,N/A,0.010374582045216645,0.026845637583892613,0.08262968538329747,0.3624161073825503,0.21335208833409997,0.7785234899328859,0.14255812788421976,0.8590604026845636,0.5067114093959731
LYB,63.7599983215332,N/A,0.2867444611860377,0.6241610738255033,0.1319080514974351,0.5123042505592841,0.14166014133337826,0.5861297539149888,0.07757309945290651,0.6241610738255033,0.5866890380313199
LYV,188.4600067138672,N/A,0.17106826130011374,0.43847874720357943,0.19074999448053548,0.6868008948545861,0.11600646747863752,0.5123042505592841,0.045721925631734356,0.4407158836689038,0.5195749440715883
MA,569.2899780273438,N/A,0.015235311563082237,0.0447427293064877,0.10198365983573825,0.42281879194630867,0.1538734985088309,0.6196868008948545,0.04725902059453814,0.4519015659955257,0.38478747203579416
MAA,133.49000549316406,N/A,0.007617220976885052,0.02237136465324385,0.008416572684275416,0.026845637583892613,0.07418281033886716,0.3624161073825503,0.003986151869241733,0.040268456375838924,0.11297539149888143
MAR,356.7200012207031,N/A,0.3569979247418233,0.7091722595078299,0.011937905507741467,0.03803131991051454,0.012045496242081193,0.06263982102908278,0.025993854487543988,0.25727069351230425,0.26677852348993286
MAS,74.33000183105469,N/A,0.025325673002110412,0.087248322147651,0.015544813174865254,0.05592841163310962,0.14654464890315114,0.5973154362416107,0.05492688634472272,0.49664429530201337,0.30928411633109615
MCD,272.8299865722656,N/A,0.09542664001542009,0.261744966442953,0.15680206077696204,0.5995525727069351,0.006185707053718105,0.03131991051454139,0.019125155132832007,0.1610738255033557,0.2634228187919463
MCHP,79.16999816894531,N/A,0.2375210010675841,0.5369127516778524,0.018786388927369068,0.06711409395973154,0.1521858911951591,0.6085011185682326,0.02210969535288259,0.203579418344519,0.3540268456375839
MCK,869.0,N/A,0.2963925499997724,0.639821029082774,0.06853816117996583,0.3042505592841163,0.14382744177586737,0.5928411633109619,0.032814729044649917,0.32885906040268453,0.4664429530201342
MCO,484.9599914550781,N/A,0.05284751859536593,0.15883668903803133,0.14482069061108613,0.5637583892617449,0.13309596873541174,0.5615212527964206,0.048692695209732864,0.46308724832214765,0.4368008948545861
MDLZ,63.61000061035156,N/A,0.06023920805536064,0.17002237136465326,0.03368823441932409,0.14765100671140938,0.061270547622623836,0.2975391498881432,0.04278689525166496,0.4093959731543624,0.25615212527964204
MDT,91.2699966430664,N/A,0.013089780708128098,0.03355704697986577,0.06678659723268839,0.2841163310961969,0.20936943956979678,0.7651006711409396,0.09699519219747661,0.7203579418344519,0.4507829977628635
MET,97.66000366210938,N/A,0.2989511474117922,0.6442953020134228,0.2807920593944488,0.825503355704698,0.23170028341488863,0.8098434004474272,0.045372826871843686,0.43624161073825507,0.6789709172259508
MGM,44.099998474121094,N/A,0.2277283051825936,0.5279642058165548,0.2917398729506896,0.8478747203579418,0.19285899426546907,0.7293064876957495,0.04400612501605307,0.4250559284116331,0.6325503355704698
MHK,140.10000610351562,N/A,0.09384762726905684,0.25279642058165547,0.056561083369370616,0.23937360178970915,0.4509114503498333,0.9664429530201342,0.2565022968925168,0.9664429530201342,0.6062639821029082
MKC,54.66999816894531,N/A,0.1903015250549586,0.4742729306487696,0.22146967480412358,0.7427293064876958,0.19019205631304364,0.7270693512304249,0.057446757488925755,0.5078299776286354,0.6129753914988814
MKTX,162.57000732421875,N/A,0.12867089161957954,0.33557046979865773,0.08458267321028717,0.37360178970917224,0.18070613492016965,0.6890380313199106,0.4285589012706763,0.9955257270693513,0.598434004474273
MLM,547.9299926757812,N/A,0.09632641220058522,0.2662192393736018,0.19072121965807998,0.6823266219239373,0.017805095478961544,0.09619686800894854,0.026058112444026157,0.2595078299776286,0.32606263982102907
MMM,182.64999389648438,N/A,0.22098974412068165,0.5212527964205816,0.06852869816093965,0.3020134228187919,0.2556053106089452,0.8456375838926173,0.14270519320067426,0.8612975391498882,0.6325503355704698
MNST,46.81999969482422,N/A,0.2756806909512122,0.6085011185682326,0.42538048888236774,0.9284116331096196,0.46239520423020114,0.970917225950783,0.5197948749248799,1.0,0.8769574944071588
MO,65.69999694824219,N/A,0.06588349822799992,0.18344519015659955,0.008176581664137667,0.02460850111856823,0.08766545236492196,0.407158836689038,0.1146746023611131,0.785234899328859,0.35011185682326623
MOS,21.610000610351562,N/A,0.311139811599037,0.6510067114093959,0.2575456352792337,0.7897091722595079,0.0032029387026792215,0.013422818791946307,0.023497450073876363,0.2214765100671141,0.41890380313199105
MPC,355.4200134277344,N/A,1.2322036268124648,0.970917225950783,0.7640680734645463,0.9753914988814317,0.3989588411505732,0.9530201342281879,0.136980187102233,0.8389261744966443,0.9345637583892618
MRK,135.83999633789062,N/A,0.6670393082573631,0.9082774049217002,0.1352459855211157,0.523489932885906,0.22837896629674873,0.8053691275167785,0.06541173598345588,0.5704697986577181,0.7019015659955257
MS,217.36000061035156,N/A,0.5369382841525987,0.8635346756152126,0.2838506909091499,0.8411633109619686,0.13529960513307082,0.5794183445190156,0.01418335446674389,0.11409395973154363,0.5995525727069351
MSCI,569.1300048828125,N/A,0.03640753956984861,0.11409395973154363,0.08966305916272191,0.3914988814317673,0.016815365748708185,0.09172259507829977,0.09145564776256743,0.6957494407158836,0.3232662192393736
MSFT,495.3999938964844,N/A,0.04001185816891942,0.1342281879194631,0.2399236000256948,0.7628635346756151,0.17669930147992893,0.680089485458613,0.2579350583593846,0.9686800894854586,0.6364653243847874
MSI,466.510009765625,N/A,0.024904345568679574,0.08053691275167785,0.015992108990153717,0.058165548098434,0.18975839263926012,0.7225950782997762,0.1287169739935682,0.8165548098434005,0.41946308724832215
MTB,254.08999633789062,N/A,0.37655107535548277,0.7360178970917225,0.12652291110591704,0.494407158836689,0.24873572575756905,0.8366890380313198,0.01945911867210091,0.16778523489932887,0.558724832214765
MTD,1419.02001953125,N/A,0.08128995267187061,0.22818791946308725,0.04266877581308007,0.19463087248322147,0.3754992045503624,0.9373601789709172,0.08320483532686948,0.6666666666666665,0.5067114093959731
MU,971.6599731445312,N/A,7.0517873958773585,1.0,1.361700598381327,0.9955257270693513,0.3410557642012221,0.9217002237136466,0.144543211229232,0.8657718120805369,0.9457494407158837
NCLH,19.010000228881836,N/A,0.2176954392702531,0.5123042505592841,0.11540249272451664,0.46756152125279643,0.22487111264048568,0.8008948545861297,0.023124299936369434,0.2147651006711409,0.4988814317673378
NDAQ,97.0199966430664,N/A,0.0376631950884538,0.12304250559284116,0.2290967564156504,0.7494407158836688,0.06927281808427985,0.34675615212527966,0.05870795819784442,0.5190156599552572,0.4345637583892617
NEE,86.19000244140625,N/A,0.17604764113206506,0.44742729306487694,0.06808844183764766,0.29530201342281875,0.07003750852513252,0.348993288590604,0.02939189775511947,0.3064876957494407,0.34955257270693507
NEM,117.76000213623047,N/A,0.7166026811631274,0.9351230425055929,0.05982632505221194,0.2595078299776286,0.08229388506551806,0.3914988814317673,0.31282058130034485,0.9865771812080537,0.6431767337807606
NFLX,78.16000366210938,N/A,0.3691431794676635,0.7270693512304249,0.01678159060017339,0.06263982102908278,0.1018155978251578,0.4608501118568233,0.13357515767231645,0.832214765100671,0.5206935123042505
NI,42.5,N/A,0.04024415829505249,0.13646532438478748,0.07133598228813981,0.31767337807606266,0.07592250406793759,0.3713646532438479,0.06949132016219625,0.5906040268456375,0.3540268456375839
NKE,40.72999954223633,N/A,0.45631191209353467,0.8187919463087248,0.34472965858034765,0.8859060402684564,0.018757079281055213,0.10290827740492169,0.0692412910309891,0.5838926174496644,0.5978747203579418
NOC,585.8699951171875,N/A,0.01900038981255876,0.06263982102908278,0.15975177958379985,0.6129753914988814,0.08832885649830434,0.41163310961968674,0.12328160532627894,0.8031319910514542,0.47259507829977626
NOV,21.139999389648438,N/A,0.7790234915347715,0.9440715883668903,0.11612800704432288,0.4697986577181208,0.046962735848744705,0.24161073825503354,0.08299174661343027,0.6599552572706935,0.5788590604026845
NOW,124.0,N/A,0.28508831813389673,0.6196868008948545,0.15801268098258733,0.6062639821029082,0.30430209738131286,0.8926174496644295,0.2010848756857236,0.9463087248322146,0.7662192393736017
NRG,126.23999786376953,N/A,0.14008894021143178,0.37583892617449666,0.26268595462985533,0.8008948545861297,0.008777781085873007,0.0447427293064877,0.018758337856096433,0.15659955257270694,0.34451901565995524
NSC,334.4100036621094,N/A,0.21216884914531065,0.5055928411633109,0.07063572405681647,0.31543624161073824,0.06261579688133652,0.3020134228187919,0.013013015267027746,0.10290827740492169,0.3064876957494407
NTAP,207.0800018310547,N/A,0.9367963542341212,0.9552572706935123,1.0383994941249097,0.9865771812080537,0.731918202975957,0.9955257270693513,0.263607491219772,0.970917225950783,0.977069351230425
NTRS,191.41000366210938,N/A,0.5533625416891471,0.8747203579418344,0.32106158865493206,0.8702460850111856,0.17355635705837177,0.668903803131991,0.03644147310609403,0.36465324384787473,0.6946308724832214
NUE,268.9100036621094,N/A,0.874104502999231,0.9507829977628635,0.47623128616333105,0.9463087248322146,0.18743030116902346,0.7136465324384786,0.13651157165140004,0.8366890380313198,0.8618568232662192
NVDA,225.16000366210938,N/A,0.24943151028260221,0.5704697986577181,0.23316348045577645,0.756152125279642,0.0004545275185089111,0.006711409395973153,0.11020169800583177,0.7695749440715883,0.5257270693512304
NVR,6307.93017578125,N/A,0.23400969328703702,0.5346756152125279,0.15977504577658969,0.6152125279642058,0.13378161033935054,0.5727069351230425,0.028059898272608522,0.29082774049217003,0.5033557046979865
NWL,6.239999771118164,N/A,0.22176792882387514,0.523489932885906,0.3750467718959459,0.901565995525727,0.6574999330285939,0.9932885906040267,0.19311658668475548,0.9328859060402683,0.837807606263982
NWS,33.16999816894531,N/A,0.01865348350681111,0.05592841163310962,0.28047332938725283,0.8232662192393735,0.1153328320183167,0.5100671140939597,0.023133869289308447,0.21923937360178972,0.40212527964205813
NWSA,29.15999984741211,N/A,0.002995336754146899,0.0044742729306487695,0.28881413074009893,0.8456375838926173,0.12499999080175238,0.5391498881431768,0.025677085276127457,0.2505592841163311,0.4099552572706935
O,62.7400016784668,N/A,0.13165626425586696,0.34675615212527966,0.019575915957901695,0.07382550335570469,0.03985970325246302,0.19686800894854584,0.04116561330563755,0.3914988814317673,0.25223713646532436
ODFL,210.97000122070312,N/A,0.40497942953046734,0.774049217002237,0.0948315898624901,0.4049217002237136,0.03996368510442413,0.19910514541387023,0.09780189649054372,0.7270693512304249,0.5262863534675615
OKE,94.98999786376953,N/A,0.35461084499971823,0.7046979865771812,0.12965358943291622,0.5011185682326622,0.04118928702721562,0.203579418344519,0.02782929776815319,0.2885906040268456,0.424496644295302
OMC,87.56999969482422,N/A,0.19365324100231732,0.4787472035794183,0.2954966888463677,0.8501118568232662,0.24955800517939547,0.8389261744966443,0.07145474242043068,0.5995525727069351,0.691834451901566
ORCL,150.52000427246094,N/A,0.3868391514275872,0.7494407158836688,0.053508249257590804,0.21700223713646533,0.21718753360260118,0.785234899328859,0.19072858090248113,0.930648769574944,0.6705816554809843
ORLY,91.05000305175781,N/A,0.10330901880231731,0.2796420581655481,0.058038489528328845,0.24832214765100669,0.02892988190517772,0.14541387024608501,0.05810575040877771,0.5145413870246085,0.29697986577181207
OTIS,72.62999725341797,N/A,0.1513780249303279,0.39821029082774045,0.18164347171788817,0.668903803131991,0.029013288551386084,0.14765100671140938,0.005170319257495505,0.04697986577181208,0.31543624161073824
OXY,58.36000061035156,N/A,0.3352808530590257,0.6890380313199106,0.27866156262633585,0.8210290827740492,0.016612471923712076,0.0894854586129754,0.06379875977142412,0.5637583892617449,0.54082774049217
PAYC,218.1300048828125,N/A,0.01382554366103369,0.035794183445190156,0.7502287665802206,0.9731543624161074,0.6054405908498194,0.9865771812080537,0.4744491096598839,0.9977628635346756,0.7483221476510067
PAYX,122.0199966430664,N/A,0.07852228285613178,0.2214765100671141,0.3231219825032655,0.8747203579418344,0.3468482124585989,0.9261744966442953,0.07780819273873676,0.6263982102908278,0.6621923937360179
PCAR,130.7899932861328,N/A,0.3644304412842001,0.7225950782997762,0.03577669539805208,0.16554809843400445,0.1886902742788009,0.7203579418344519,0.03911501804928983,0.3803131991051454,0.4972035794183445
PEG,76.04000091552734,N/A,0.07930694504348221,0.22595078299776286,0.10481129857988132,0.42729306487695745,0.0034150511930479983,0.017897091722595078,0.03306203578713834,0.33333333333333326,0.25111856823266215
PEP,140.7899932861328,N/A,0.026833652050804804,0.09395973154362416,0.13497454934232544,0.5212527964205816,0.04592771838300962,0.232662192393736,0.026764865079004743,0.2751677852348993,0.2807606263982103
PFE,26.790000915527344,N/A,0.14036767354107352,0.3803131991051454,0.004663287336108107,0.013422818791946307,0.07614148637216107,0.37360178970917224,0.08817024128945958,0.6778523489932886,0.36129753914988816
PFG,113.9800033569336,N/A,0.5220073162285817,0.8612975391498882,0.28247267223272904,0.832214765100671,0.14283481663725864,0.5906040268456375,0.00026332961382206634,0.008948545861297539,0.5732662192393736
PG,144.5500030517578,N/A,0.036015004954638954,0.11185682326621924,0.08336574003340366,0.3668903803131991,0.02867180972040414,0.14317673378076062,0.029009995430625143,0.29977628635346754,0.23042505592841162
PGR,209.60000610351562,N/A,0.09683237187897727,0.2684563758389262,0.02577416704807389,0.10290827740492169,0.04988277394115347,0.25279642058165547,0.007934643806145942,0.06487695749440715,0.17225950782997762
PH,1055.8499755859375,N/A,0.4590197781459171,0.8210290827740492,0.05638784102599114,0.2348993288590604,0.22386175287609222,0.7964205816554809,0.10767821492357911,0.7628635346756151,0.6538031319910513
PHM,130.17999267578125,N/A,0.01964149488241671,0.06935123042505592,0.08295213816843158,0.36465324384787473,0.18477986522648468,0.7046979865771812,0.032518962445927696,0.3266219239373601,0.366331096196868
PKG,255.47999572753906,N/A,0.3534708608426211,0.7024608501118569,0.05022490297903143,0.20581655480984337,0.21260939775819376,0.774049217002237,0.09615131805503507,0.7158836689038032,0.5995525727069351
PLD,141.02999877929688,N/A,0.3659708609479019,0.7248322147651006,0.030412097189298302,0.1297539149888143,0.010841464687041405,0.05145413870246084,0.05848184057330428,0.5167785234899328,0.35570469798657717
PM,190.38999938964844,N/A,0.18710653438579072,0.4697986577181208,0.03291625061321491,0.13870246085011184,0.012438386002328607,0.06487695749440715,0.013421061225161079,0.10961968680089486,0.19574944071588365
PNC,256.9700012207031,N/A,0.38770253001631877,0.7516778523489933,0.13818448987823415,0.5302013422818792,0.21696453205345087,0.7829977628635346,0.024356216995478384,0.2348993288590604,0.5749440715883669
PNR,66.16000366210938,N/A,0.3620697493587023,0.7203579418344519,0.34248943908287705,0.8836689038031319,0.08573123902331227,0.39821029082774045,0.06403610377627045,0.5659955257270693,0.6420581655480984
PNW,101.4800033569336,N/A,0.14363092253374357,0.3914988814317673,0.030081583699708914,0.12527964205816555,0.03130083113103058,0.15212527964205816,0.05801540708480582,0.5123042505592841,0.29530201342281875
PPG,114.11000061035156,N/A,0.047372578096053546,0.14541387024608501,0.11502584873137318,0.465324384787472,0.1186643306039794,0.5212527964205816,0.021645290092336046,0.19910514541387023,0.3327740492170022
PPL,36.02000045776367,N/A,0.01678338184605786,0.05369127516778523,0.03274445274527019,0.1342281879194631,0.04098221855228213,0.20134228187919462,0.004742036007764319,0.042505592841163314,0.10794183445190156
PRGO,13.039999961853027,N/A,0.3899447884643458,0.7583892617449663,0.05920006660320556,0.25503355704697983,0.2609950637099218,0.8590604026845636,0.2164178765890309,0.9507829977628635,0.7058165548098433
PRU,125.12999725341797,N/A,0.24551663301073712,0.5637583892617449,0.22890640852075717,0.7472035794183445,0.24433854243168407,0.8299776286353467,0.05089441147329715,0.4787472035794183,0.6549217002237137
PSA,325.92999267578125,N/A,0.19974396652602724,0.49217002237136465,0.10639682511892906,0.43624161073825507,0.12475725210648302,0.5369127516778524,0.02480814966317342,0.23937360178970915,0.4261744966442953
PSX,233.61000061035156,N/A,0.9546813786996198,0.9574944071588366,0.4848875713911337,0.9485458612975392,0.33544840801544773,0.9105145413870246,0.12931451184894463,0.8187919463087248,0.9088366890380313
PVH,82.47000122070312,N/A,0.07457619907186588,0.21029082774049215,0.20141713656700044,0.7114093959731543,0.038417330004738896,0.18791946308724833,0.055278305956189606,0.4988814317673378,0.40212527964205813
PWR,685.780029296875,N/A,0.8023791754175669,0.9463087248322146,0.3089977327507136,0.8657718120805369,0.10922894348309589,0.4854586129753915,0.09108554457460771,0.6935123042505593,0.7477628635346756
PYPL,61.65999984741211,N/A,0.10163215525483363,0.2751677852348993,0.540098365907111,0.9574944071588366,0.39300284007544234,0.9507829977628635,0.0901697020914401,0.6845637583892618,0.7170022371364653
QCOM,165.7899932861328,N/A,0.07243804361129645,0.20581655480984337,0.19026803784901475,0.680089485458613,0.17414101898435094,0.6711409395973155,0.03487021501764025,0.35123042505592844,0.4770693512304251
QRVO,98.11000061035156,N/A,0.09804143576754144,0.27293064876957496,0.16189007311352294,0.621923937360179,0.06352304184662941,0.3131991051454139,0.14748538725557384,0.8724832214765101,0.5201342281879195
RCL,305.0,N/A,0.011897481041720179,0.029082774049217,0.03565371054057095,0.1610738255033557,0.17784544078457662,0.6868008948545861,0.0628659363050822,0.5480984340044742,0.35626398210290827
REG,76.70999908447266,N/A,0.12435596739249796,0.32438478747203575,0.026382575001630753,0.10514541387024608,0.018071790811209538,0.09843400447427292,0.07220611028867403,0.6017897091722595,0.28243847874720357
REGN,803.47998046875,N/A,0.3919179784235106,0.7606263982102908,0.0030853282890337917,0.008948545861297539,0.15242395059050254,0.6107382550335569,0.18736789012679753,0.9239373601789709,0.576062639821029
RF,31.899999618530273,N/A,0.2959967101024172,0.6375838926174496,0.09328846991202397,0.39821029082774045,0.20798179531999142,0.756152125279642,0.00789889425002177,0.06263982102908278,0.46364653243847875
RHI,43.220001220703125,N/A,0.2948836282229046,0.6353467561521253,0.8293012203426227,0.982102908277405,0.7587180607611009,0.9977628635346756,0.033971339941642434,0.3445190156599553,0.7399328859060403
RJF,180.80999755859375,N/A,0.12220930134549796,0.31767337807606266,0.1478056055270278,0.5727069351230425,0.1774350625638484,0.6823266219239373,0.07394866300253923,0.6085011185682326,0.5453020134228188
RL,388.9200134277344,N/A,0.35272434119849255,0.7002237136465324,0.05894271838537159,0.25279642058165547,0.19295815571912903,0.7315436241610738,0.022263111969868896,0.20805369127516776,0.4731543624161073
RMD,224.4600067138672,N/A,0.20605964797481188,0.4988814317673378,0.1085825423455093,0.4429530201342282,0.11184862930908858,0.4988814317673378,0.12799638432885063,0.814317673378076,0.5637583892617449
ROK,449.3699951171875,N/A,0.3314446203734874,0.6845637583892618,0.14694688447791834,0.5704697986577181,0.004493047727649161,0.02237136465324385,0.02702178374234112,0.2774049217002237,0.38870246085011184
ROL,36.20000076293945,N/A,0.35939526336847755,0.7158836689038032,0.3694247716663088,0.8993288590604027,0.31904926502757747,0.9038031319910514,0.19360703998716516,0.9351230425055929,0.8635346756152126
ROP,399.3399963378906,N/A,0.239384929123196,0.5436241610738255,0.24875409191210188,0.7762863534675616,0.2475585485480189,0.8344519015659955,0.09968601704358852,0.7337807606263982,0.7220357941834452
ROST,245.36000061035156,N/A,0.6849482797716673,0.9239373601789709,0.2535032213570041,0.7829977628635346,0.15553963885310346,0.6308724832214765,0.05097230169734906,0.4809843400447427,0.7046979865771812
RSG,214.7100067138672,N/A,0.06727740162446529,0.19239373601789708,0.03235867556314258,0.1319910514541387,0.03368291081304183,0.16778523489932887,0.03418645552692002,0.34675615212527966,0.20973154362416108
RTX,222.97000122070312,N/A,0.4684892437701901,0.8299776286353467,0.12660556513417864,0.49664429530201337,0.31231783668791335,0.8970917225950782,0.15606791265931122,0.8814317673378076,0.7762863534675615
SBAC,185.1999969482422,N/A,0.13809358619247353,0.3691275167785235,0.06565390201583218,0.2774049217002237,0.06662994379370246,0.3310961968680089,0.0026388361609219206,0.03131991051454139,0.25223713646532436
SBUX,107.69000244140625,N/A,0.2189641423528333,0.5167785234899328,0.16156787597692293,0.6196868008948545,0.01393585482684214,0.07158836689038031,0.026719380998182184,0.27069351230425054,0.36968680089485456
SCHW,111.08999633789062,N/A,0.1706364315787172,0.43400447427293065,0.19306137976800308,0.6890380313199106,0.22594563410584778,0.8031319910514542,0.09702577449143251,0.7248322147651006,0.662751677852349
SHW,359.1000061035156,N/A,0.007490597847668769,0.020134228187919462,0.021856909177994942,0.08501118568232663,0.19970369829631107,0.738255033557047,0.08384642691412321,0.668903803131991,0.378076062639821
SJM,121.38999938964844,N/A,0.14109789262907863,0.3825503355704698,0.12085110357920302,0.4809843400447427,0.2186952032253985,0.7874720357941833,0.09389893368636948,0.7046979865771812,0.5889261744966443
SLB,53.77000045776367,N/A,0.6744083969624338,0.912751677852349,0.07267160045718064,0.3221476510067114,0.02398126385213605,0.12080536912751677,0.14428598716998586,0.8635346756152126,0.5548098434004475
SLG,56.09000015258789,N/A,0.08568117487265801,0.232662192393736,0.42410051920251224,0.9261744966442953,0.3369288380658996,0.912751677852349,0.08828093046637449,0.6823266219239373,0.6884787472035794
SNA,403.55999755859375,N/A,0.2719966518339164,0.5995525727069351,0.06316340915182839,0.2639821029082774,0.1297491594279565,0.5525727069351231,0.018078281350706746,0.14093959731543623,0.38926174496644295
SNPS,421.5,N/A,0.3178617948906131,0.6599552572706935,0.035667703375757066,0.16331096196868006,0.16106048975967696,0.6442953020134228,0.09685646231637376,0.7181208053691275,0.5464205816554809
SO,92.80000305175781,N/A,0.01874157276644757,0.058165548098434,0.006810545371110543,0.020134228187919462,0.011003400437482894,0.05369127516778523,0.026232947743372474,0.2639821029082774,0.09899328859060402
SPG,219.5800018310547,N/A,0.3274591266352021,0.668903803131991,0.1408365709661336,0.5480984340044742,0.10983382179334505,0.49217002237136465,0.03987754804934027,0.3825503355704698,0.522930648769575
SPGI,418.79998779296875,N/A,0.19782817044397333,0.4854586129753915,0.08593400772492976,0.3825503355704698,0.10058796988308451,0.4563758389261745,0.07106736049414054,0.5973154362416107,0.4804250559284116
SRE,86.41000366210938,N/A,0.09455648645065072,0.25727069351230425,0.07539283590867282,0.3378076062639821,0.037625369251665534,0.18568232662192394,0.06330619336466803,0.5503355704697986,0.3327740492170022
STE,233.27999877929688,N/A,0.04226959528313842,0.13870246085011184,0.055489440433776155,0.22371364653243847,0.1030793096481861,0.4697986577181208,0.07087772080870462,0.5950782997762863,0.3568232662192394
STT,191.74000549316406,N/A,0.7707508349711465,0.9418344519015659,0.5158386900203402,0.9507829977628635,0.26067643006857044,0.8545861297539149,0.05063016708583048,0.4742729306487696,0.8053691275167785
STX,973.4400024414062,N/A,5.355484703687366,0.9955257270693513,1.2907424871831183,0.9932885906040267,0.22460194473242384,0.7986577181208054,0.2358632349377812,0.9574944071588366,0.936241610738255
STZ,139.17999267578125,N/A,0.14850321291536525,0.3937360178970917,0.05416831455039683,0.21923937360178972,0.014565178897371328,0.07382550335570469,0.05574365382469653,0.5011185682326622,0.29697986577181207
SWK,102.06999969482422,N/A,0.44103350127504654,0.8076062639821029,0.14546331757076672,0.5659955257270693,0.37291758811812503,0.930648769574944,0.1319729596043985,0.825503355704698,0.7824384787472036
SWKS,69.62000274658203,N/A,0.026461747698187592,0.09172259507829977,0.14442880884557546,0.5615212527964206,0.024732997895785574,0.12527964205816555,0.1730413569755871,0.8993288590604027,0.41946308724832215
SYF,81.0,N/A,0.15190088352857659,0.4004474272930649,0.14429562246377203,0.5592841163310962,0.1396716122277095,0.5838926174496644,0.10499537210165702,0.7472035794183445,0.5727069351230425
SYK,339.2099914550781,N/A,0.10276343875191239,0.2774049217002237,0.06833531313167888,0.2975391498881432,0.10873494249312404,0.4832214765100671,0.06046205218718695,0.5257270693512305,0.3959731543624161
SYY,82.98999786376953,N/A,0.07324781816542181,0.20805369127516776,0.07056252351327932,0.3109619686800895,0.15116531827240726,0.6062639821029082,0.015913764028783427,0.12751677852348992,0.3131991051454138
T,24.889999389648438,N/A,0.0972051851491592,0.27069351230425054,0.11163260806120794,0.4608501118568233,0.049657598154981074,0.2505592841163311,0.14121962398557866,0.8545861297539149,0.45917225950782997
TAP,42.77000045776367,N/A,0.13256602541839638,0.3534675615212528,0.17835927451079253,0.6577181208053691,0.05979652328406792,0.29082774049217003,0.044954804272386344,0.42729306487695745,0.43232662192393734
TDG,1256.9000244140625,N/A,0.03210227833536849,0.10738255033557045,0.023137260147882418,0.09395973154362416,0.09393635731392397,0.4429530201342282,0.03497111305286738,0.3534675615212528,0.2494407158836689
TDY,679.6699829101562,N/A,0.26222448769548773,0.5883668903803132,0.02935074819810447,0.12304250559284116,0.10232243029556287,0.465324384787472,0.06947060992896903,0.5883668903803132,0.4412751677852349
TEL,216.22999572753906,N/A,0.07792177266964917,0.21923937360178972,0.07815316156307234,0.348993288590604,0.05828975088739411,0.2885906040268456,0.06354826778856155,0.5570469798657718,0.3534675615212528
TFC,53.099998474121094,N/A,0.2466160760623333,0.5659955257270693,0.04417713280789839,0.19910514541387023,0.14195578006246207,0.5883668903803132,0.02145227611363929,0.19239373601789708,0.3864653243847875
TFX,137.1699981689453,N/A,0.14929119627975052,0.3959731543624161,0.3326803037914184,0.8791946308724832,0.06287656910320526,0.3042505592841163,0.021546333247196636,0.19463087248322147,0.44351230425055926
TGT,154.47999572753906,N/A,0.5602354223030115,0.8814317673378076,0.3574329502737659,0.8948545861297539,0.28077755992922576,0.8814317673378076,0.11508382017281595,0.7874720357941833,0.861297539149888
TJX,152.11000061035156,N/A,0.16095450773732403,0.4183445190156599,0.008871426456532864,0.03355704697986577,0.0349993386340894,0.1767337807606264,0.012107104533888715,0.09843400447427292,0.18176733780760623
TMO,588.2899780273438,N/A,0.20740806715606655,0.5011185682326622,0.16766736995743428,0.6375838926174496,0.343431359410295,0.9239373601789709,0.104811447576796,0.7427293064876958,0.7013422818791946
TMUS,182.61000061035156,N/A,0.26932782718923015,0.5973154362416107,0.15952786192623036,0.6107382550335569,0.008742016944817358,0.042505592841163314,0.05103150464686167,0.4832214765100671,0.4334451901565995
TPR,128.97999572753906,N/A,0.2968173267913823,0.6420581655480985,0.15672882934031107,0.5973154362416107,0.00021902780055619572,0.0044742729306487695,0.08822289264817858,0.680089485458613,0.4809843400447427
TROW,110.55999755859375,N/A,0.0869148126919085,0.23937360178970915,0.2111023144489063,0.7270693512304249,0.09682019236882498,0.44966442953020136,0.05786110782970931,0.5100671140939597,0.48154362416107377
TRV,370.3599853515625,N/A,0.4166653728769933,0.7897091722595079,0.2686942291556943,0.8053691275167785,0.24068686620437896,0.8210290827740492,0.003739970524542879,0.035794183445190156,0.6129753914988815
TSCO,35.83000183105469,N/A,0.3953145637423335,0.7628635346756151,0.3406779155369537,0.8814317673378076,0.181580313444061,0.6935123042505593,0.17436911052975843,0.9060402684563758,0.8109619686800894
TSN,58.16999816894531,N/A,0.05976807985145235,0.16778523489932887,0.07515805914217571,0.33557046979865773,0.1083709744473115,0.4809843400447427,0.006923969326849559,0.05592841163310962,0.2600671140939597
TT,480.20001220703125,N/A,0.1419852241199111,0.38478747203579416,0.036926107849793006,0.17002237136465326,0.0314824084433808,0.15659955257270694,0.021745608285030717,0.20134228187919462,0.22818791946308725
TTWO,246.9499969482422,N/A,0.06361445748293194,0.174496644295302,0.2751071373110605,0.8165548098434005,0.01860251798968666,0.10067114093959731,0.04339194097630981,0.41387024608501116,0.37639821029082776
TXN,279.5799865722656,N/A,0.4741238030246542,0.8344519015659955,0.24884727765727643,0.7785234899328859,0.07174229240601561,0.3534675615212528,0.010592635040139933,0.08277404921700222,0.5123042505592841
TXT,89.0,N/A,0.12917493352233245,0.3422818791946309,0.09227805029234006,0.3937360178970917,0.0028049187558708026,0.011185682326621925,0.02710978646619852,0.2796420581655481,0.25671140939597314
TYL,328.6400146484375,N/A,0.4254846811934094,0.7986577181208054,0.08126607885973461,0.35123042505592844,0.05370482930939807,0.27293064876957496,0.02857501988594902,0.29530201342281875,0.4295302013422819
UA,5.25,N/A,0.0479041437432686,0.15212527964205816,0.24677185681010708,0.7695749440715883,0.052104256674860495,0.2639821029082774,0.27884617462968325,0.9753914988814317,0.5402684563758389
UAA,5.360000133514404,N/A,0.03675049408445238,0.116331096196868,0.2545201542617934,0.785234899328859,0.04687504947651288,0.23937360178970915,0.27860023454227706,0.9731543624161074,0.5285234899328859
UAL,125.33999633789062,N/A,0.24185074763606315,0.5525727069351231,0.14685694288509227,0.5682326621923938,0.3499192072989108,0.9284116331096196,0.08604100477159414,0.6733780760626398,0.680648769574944
UDR,37.939998626708984,N/A,0.025122436032552035,0.08277404921700222,0.012171508986638095,0.040268456375838924,0.031313288948870074,0.15436241610738255,0.0457746421442514,0.4429530201342282,0.18008948545861297
UHS,170.02000427246094,N/A,0.043267584494356165,0.14093959731543623,0.27422196992716774,0.8120805369127517,0.009574001077308433,0.04921700223713646,0.12476845827888212,0.8076062639821029,0.4524608501118568
ULTA,510.75,N/A,0.019673704414587333,0.07158836689038031,0.25263391607585933,0.7807606263982103,0.033321197016627044,0.16331096196868006,0.06501656108510902,0.5682326621923938,0.3959731543624161
UNH,401.7300109863281,N/A,0.3568273760681215,0.7069351230425056,0.3887428174099011,0.9060402684563758,0.025833309565345058,0.1342281879194631,0.057170986319624736,0.5055928411633109,0.5631991051454138
UNM,93.33000183105469,N/A,0.3889183775214342,0.756152125279642,0.3182168988058305,0.8680089485458613,0.14990690632229542,0.6017897091722595,0.05422112449563849,0.494407158836689,0.6800894854586129
UNP,293.67999267578125,N/A,0.36039716170491376,0.7181208053691275,0.1383630828631707,0.5346756152125279,0.09109175661774352,0.4295302013422818,0.02674401764446976,0.27293064876957496,0.488814317673378
UPS,104.5,N/A,0.26228020838968363,0.5928411633109619,0.09641547320316163,0.41387024608501116,0.07410832579529712,0.36017897091722595,0.11230038297330697,0.7785234899328859,0.5363534675615212
URI,1153.8299560546875,N/A,0.2798747284192533,0.6129753914988814,0.3319321437383509,0.8769574944071589,0.2025396373046283,0.7404921700223713,0.10582665797807808,0.7539149888143176,0.7460850111856823
USB,65.41999816894531,N/A,0.48111612480147886,0.8389261744966443,0.15550641410476426,0.5950782997762863,0.24209110702845804,0.8232662192393735,0.036110212247969585,0.36017897091722595,0.6543624161073825
V,364.1499938964844,N/A,0.06558569734907085,0.18120805369127516,0.16398005118502423,0.6286353467561522,0.119958518480141,0.5279642058165548,0.01747686017156076,0.13870246085011184,0.3691275167785235
VFC,14.869999885559082,N/A,0.16146240503071382,0.42281879194630867,0.2597335039189818,0.7941834451901566,0.10377131286489003,0.47651006711409394,0.12426382294232685,0.8053691275167785,0.6247203579418344
VLO,341.6700134277344,N/A,1.550541513572609,0.9798657718120805,0.7216368234924606,0.970917225950783,0.3744118754976037,0.9351230425055929,0.10767140480842587,0.7606263982102908,0.9116331096196868
VMC,282.0,N/A,0.025764703314818744,0.0894854586129754,0.13437519086586686,0.5190156599552572,0.05696019809219138,0.28187919463087246,0.02013673754503352,0.1789709172259508,0.26733780760626397
VNO,39.0,N/A,0.07128526996585464,0.20134228187919462,0.3047842354090698,0.8523489932885906,0.2753433648561471,0.8680089485458613,0.033217653632109045,0.3378076062639821,0.5648769574944071
VRSK,181.6699981689453,N/A,0.3156106256344696,0.6554809843400448,0.007817619244849843,0.02237136465324385,0.12067398620299123,0.5302013422818792,0.09472790113934526,0.7136465324384786,0.4804250559284116
VRSN,284.239990234375,N/A,0.0662391014720182,0.18791946308724833,0.3060141869907527,0.8568232662192393,0.0422553228026392,0.2147651006711409,0.023697999299434416,0.22371364653243847,0.37080536912751677
VRTX,505.75,N/A,0.2875836681119635,0.6263982102908278,0.029055687516691773,0.116331096196868,0.1574550540586108,0.6331096196868009,0.04138784383018012,0.3937360178970917,0.4423937360178971
VTR,91.5199966430664,N/A,0.38504969084446783,0.7472035794183445,0.08688760968806765,0.38478747203579416,0.052670703347812736,0.27069351230425054,0.04765870867613013,0.4563758389261745,0.4647651006711409
VZ,48.47999954223633,N/A,0.17069654317373467,0.43624161073825507,0.021180464963571743,0.08053691275167785,0.06332639773919935,0.3087248322147651,0.1121816786540691,0.7762863534675616,0.40044742729306493
WAB,299.0199890136719,N/A,0.5865267699120239,0.8903803131991052,0.1706108114414238,0.6465324384787472,0.13445897513352195,0.5749440715883669,0.14094934498640344,0.8523489932885906,0.7410514541387024
WAT,412.1700134277344,N/A,0.4137198788717445,0.785234899328859,0.2746080949111133,0.814317673378076,0.25195921237915025,0.8411633109619686,0.11705241789644419,0.7919463087248322,0.808165548098434
WDC,508.79998779296875,N/A,5.79694739144411,0.9977628635346756,0.8082827593724292,0.9798657718120805,0.05583306745977414,0.2751677852348993,0.06617490149508762,0.5749440715883669,0.7069351230425056
WEC,110.5199966430664,N/A,0.0646377020998445,0.1767337807606264,0.028945267621489624,0.11409395973154363,0.02128428036395767,0.11185682326621924,0.016467596221832564,0.13646532438478748,0.1347874720357942
WELL,235.52000427246094,N/A,0.46708059113836137,0.8277404921700223,0.12973546251516466,0.5055928411633109,0.10605924019690743,0.4787472035794183,0.0281229099343281,0.2930648769574944,0.5262863534675615
WFC,88.81999969482422,N/A,0.1771319526029519,0.4519015659955257,0.03288846499351218,0.13646532438478748,0.2166975740491695,0.7807606263982103,0.020796807613746516,0.18791946308724833,0.38926174496644295
WHR,41.369998931884766,N/A,0.5135809750719655,0.8545861297539149,0.5273909299858203,0.9530201342281879,0.034508557026669204,0.174496644295302,0.08185138901760278,0.6487695749440715,0.6577181208053691
WM,224.5500030517578,N/A,0.005903384228732916,0.013422818791946307,0.0345393672907562,0.15659955257270694,0.02594443390574836,0.13646532438478748,0.061677299976663255,0.5346756152125279,0.21029082774049215
WMB,75.19999694824219,N/A,0.3502510603659972,0.697986577181208,0.055619296452575434,0.22595078299776286,0.025279062743949362,0.1297539149888143,0.024802395243200215,0.2371364653243848,0.3227069351230425
WMT,115.2699966430664,N/A,0.15962905793674836,0.4161073825503355,0.1356561079656621,0.5279642058165548,0.12308863203356771,0.5346756152125279,0.00901609592574697,0.06935123042505592,0.3870246085011185
WRB,70.51000213623047,N/A,0.023629040806215747,0.07829977628635347,0.02203721424327238,0.087248322147651,0.07066672119310015,0.35123042505592844,0.015360961663811016,0.12304250559284116,0.1599552572706935
WST,349.4200134277344,N/A,0.4236802931267215,0.7941834451901566,0.3969091276652619,0.9105145413870246,0.15437367755053852,0.6241610738255033,0.023983166178578475,0.22595078299776286,0.6387024608501118
WU,7.449999809265137,N/A,0.004981213536087162,0.008948545861297539,0.17847794615779544,0.6599552572706935,0.0777798266598542,0.3825503355704698,0.16103606832732723,0.8881431767337807,0.4848993288590604
WY,24.559999465942383,N/A,0.015908087826474734,0.04921700223713646,0.0659739510252116,0.2796420581655481,0.09217807391433716,0.43400447427293065,0.002858297079560271,0.03355704697986577,0.19910514541387025
WYNN,102.52999877929688,N/A,0.05228880497581078,0.15659955257270694,0.08919877242419383,0.38926174496644295,0.07997269934831869,0.38478747203579416,0.06354516003021242,0.5548098434004474,0.3713646532438479
XEL,79.16999816894531,N/A,0.13459082996045704,0.36017897091722595,0.015115837404522338,0.05145413870246084,0.02370500005919098,0.1185682326621924,0.0050780949971529,0.0447427293064877,0.14373601789709173
XOM,160.10000610351562,N/A,0.5370483563179301,0.8657718120805369,0.08579781294660274,0.3803131991051454,0.013804508357694542,0.06935123042505592,0.08645497720138526,0.6756152125279642,0.4977628635346756
XRAY,11.59000015258789,N/A,0.13994664312989605,0.37360178970917224,0.10501928005467831,0.4295302013422818,0.15094344625898273,0.6040268456375838,0.17508896830970835,0.9082774049217002,0.5788590604026845
XRX,3.0999999046325684,N/A,0.19380909787490394,0.4809843400447427,0.659836541932206,0.9664429530201342,0.21110160308860976,0.7718120805369127,0.11913354728460172,0.7941834451901566,0.7533557046979865
XYL,119.68000030517578,N/A,0.13903212102850518,0.3713646532438479,0.058813333105337005,0.2505592841163311,0.11125824746365123,0.494407158836689,0.025248399616728246,0.24608501118568232,0.34060402684563756
YUM,148.11000061035156,N/A,0.01874808391811549,0.060402684563758385,0.0688126281439026,0.3064876957494407,0.007569496709343452,0.040268456375838924,0.0012844946170783523,0.015659955257270694,0.10570469798657717
ZBH,100.6500015258789,N/A,0.010132926473592872,0.02460850111856823,0.049160251701812055,0.203579418344519,0.20570442248614948,0.7494407158836688,0.10458734078181699,0.7404921700223713,0.4295302013422818
ZBRA,376.0299987792969,N/A,0.18285626297225088,0.45861297539149887,0.42101884104703136,0.9239373601789709,0.44989392685500923,0.9642058165548099,0.4062453528883222,0.9932885906040267,0.8350111856823266
ZION,72.19999694824219,N/A,0.41263943406040476,0.7807606263982103,0.1955224935556872,0.697986577181208,0.21893514141526033,0.7897091722595079,0.005743859938495233,0.05145413870246084,0.5799776286353467
ZTS,73.79000091552734,N/A,0.5119901399010276,0.8501118568232662,0.4060205514196963,0.9149888143176733,0.01557523608303739,0.08277404921700222,0.0338787621009849,0.3422818791946309,0.5475391498881431
